occ_code,title,zone,cert_importance,cert_normalized
11-1011.00,Chief Executives,5,3.01,1.953488372093023
11-1011.03,Chief Sustainability Officers,5,2.7,1.6330749354005167
11-1021.00,General and Operations Managers,4,1.88,0.7855297157622737
11-1031.00,Legislators,4,2.615,1.5452196382428942
11-2011.00,Advertising and Promotions Managers,4,1.98,0.8888888888888887
11-2021.00,Marketing Managers,4,2.615,1.5452196382428942
11-2022.00,Sales Managers,4,1.62,0.5167958656330749
11-2032.00,Public Relations Managers,4,2.615,1.5452196382428942
11-2033.00,Fundraising Managers,4,1.5,0.39276485788113685
11-3012.00,Administrative Services Managers,3,2.615,1.5452196382428942
11-3013.00,Facilities Managers,3,2.78,1.7157622739018084
11-3013.01,Security Managers,4,3.5,2.4599483204134365
11-3021.00,Computer and Information Systems Managers,4,2.615,1.5452196382428942
11-3031.00,Financial Managers,4,3.2,2.149870801033592
11-3031.01,Treasurers and Controllers,4,3.52,2.4806201550387597
11-3031.03,Investment Fund Managers,5,2.615,1.5452196382428942
11-3051.00,Industrial Production Managers,4,1.66,0.5581395348837207
11-3051.01,Quality Control Systems Managers,4,3.0,1.9431524547803616
11-3051.02,Geothermal Production Managers,3,2.615,1.5452196382428942
11-3051.03,Biofuels Production Managers,4,2.615,1.5452196382428942
11-3051.04,Biomass Power Plant Managers,4,2.78,1.7157622739018084
11-3051.06,Hydroelectric Production Managers,3,2.615,1.5452196382428942
11-3061.00,Purchasing Managers,4,3.42,2.3772609819121446
11-3071.00,"Transportation, Storage, and Distribution Managers",4,2.615,1.5452196382428942
11-3071.04,Supply Chain Managers,4,2.615,1.5452196382428942
11-3111.00,Compensation and Benefits Managers,4,3.48,2.4392764857881133
11-3121.00,Human Resources Managers,4,3.18,2.1291989664082687
11-3131.00,Training and Development Managers,4,3.0,1.9431524547803616
11-9013.00,"Farmers, Ranchers, and Other Agricultural Managers",4,2.615,1.5452196382428942
11-9021.00,Construction Managers,4,2.85,1.7881136950904393
11-9031.00,"Education and Childcare Administrators, Preschool and Daycare",4,2.615,1.5452196382428942
11-9032.00,"Education Administrators, Kindergarten through Secondary",5,4.0,2.9767441860465116
11-9033.00,"Education Administrators, Postsecondary",5,2.36,1.2816537467700255
11-9041.00,Architectural and Engineering Managers,5,3.1,2.046511627906977
11-9041.01,Biofuels/Biodiesel Technology and Product Development Managers,4,2.615,1.5452196382428942
11-9051.00,Food Service Managers,2,2.87,1.8087855297157622
11-9071.00,Gambling Managers,2,2.1,1.0129198966408268
11-9072.00,"Entertainment and Recreation Managers, Except Gambling",4,2.6,1.5297157622739017
11-9081.00,Lodging Managers,4,2.615,1.5452196382428942
11-9111.00,Medical and Health Services Managers,4,3.67,2.635658914728682
11-9121.00,Natural Sciences Managers,5,1.95,0.8578811369509042
11-9121.01,Clinical Research Coordinators,4,2.65,1.581395348837209
11-9121.02,Water Resource Specialists,4,3.82,2.7906976744186043
11-9131.00,Postmasters and Mail Superintendents,2,2.615,1.5452196382428942
11-9141.00,"Property, Real Estate, and Community Association Managers",4,3.55,2.5116279069767438
11-9151.00,Social and Community Service Managers,4,2.73,1.664082687338501
11-9161.00,Emergency Management Directors,4,3.36,2.3152454780361755
11-9171.00,Funeral Home Managers,3,3.62,2.5839793281653747
11-9179.01,Fitness and Wellness Coordinators,4,4.54,3.534883720930232
11-9179.02,Spa Managers,3,2.615,1.5452196382428942
11-9199.01,Regulatory Affairs Managers,4,2.52,1.4470284237726097
11-9199.02,Compliance Managers,4,3.27,2.222222222222222
11-9199.08,Loss Prevention Managers,4,3.09,2.036175710594315
11-9199.09,Wind Energy Operations Managers,3,2.3,1.2196382428940564
11-9199.10,Wind Energy Development Managers,4,2.615,1.5452196382428942
11-9199.11,Brownfield Redevelopment Specialists and Site Managers,4,2.86,1.7984496124031004
13-1011.00,"Agents and Business Managers of Artists, Performers, and Athletes",4,2.615,1.5452196382428942
13-1021.00,"Buyers and Purchasing Agents, Farm Products",4,2.615,1.5452196382428942
13-1022.00,"Wholesale and Retail Buyers, Except Farm Products",3,2.615,1.5452196382428942
13-1023.00,"Purchasing Agents, Except Wholesale, Retail, and Farm Products",4,3.2,2.149870801033592
13-1031.00,"Claims Adjusters, Examiners, and Investigators",4,3.21,2.160206718346253
13-1032.00,"Insurance Appraisers, Auto Damage",3,2.615,1.5452196382428942
13-1041.00,Compliance Officers,4,2.615,1.5452196382428942
13-1041.01,Environmental Compliance Inspectors,4,3.1,2.046511627906977
13-1041.03,Equal Opportunity Representatives and Officers,4,2.615,1.5452196382428942
13-1041.04,Government Property Inspectors and Investigators,3,2.615,1.5452196382428942
13-1041.06,Coroners,3,3.65,2.614987080103359
13-1041.07,Regulatory Affairs Specialists,4,2.35,1.2713178294573644
13-1041.08,Customs Brokers,3,2.615,1.5452196382428942
13-1051.00,Cost Estimators,4,2.55,1.478036175710594
13-1071.00,Human Resources Specialists,4,1.93,0.8372093023255812
13-1074.00,Farm Labor Contractors,2,2.615,1.5452196382428942
13-1075.00,Labor Relations Specialists,4,2.43,1.3540051679586564
13-1081.00,Logisticians,4,2.615,1.5452196382428942
13-1081.01,Logistics Engineers,4,2.26,1.1782945736434105
13-1081.02,Logistics Analysts,4,2.36,1.2816537467700255
13-1082.00,Project Management Specialists,4,2.615,1.5452196382428942
13-1111.00,Management Analysts,4,3.05,1.9948320413436689
13-1121.00,"Meeting, Convention, and Event Planners",4,2.615,1.5452196382428942
13-1131.00,Fundraisers,4,2.2,1.1162790697674418
13-1141.00,"Compensation, Benefits, and Job Analysis Specialists",4,2.62,1.5503875968992247
13-1151.00,Training and Development Specialists,4,2.61,1.540051679586563
13-1161.00,Market Research Analysts and Marketing Specialists,4,2.13,1.0439276485788112
13-1161.01,Search Marketing Strategists,4,1.91,0.8165374677002581
13-1199.04,Business Continuity Planners,4,3.61,2.573643410852713
13-1199.05,Sustainability Specialists,4,3.22,2.1705426356589146
13-1199.06,Online Merchants,4,2.615,1.5452196382428942
13-1199.07,Security Management Specialists,4,3.6,2.5633074935400515
13-2011.00,Accountants and Auditors,4,2.615,1.5452196382428942
13-2022.00,Appraisers of Personal and Business Property,4,3.91,2.883720930232558
13-2023.00,Appraisers and Assessors of Real Estate,4,4.33,3.3178294573643408
13-2031.00,Budget Analysts,4,2.03,0.940568475452196
13-2041.00,Credit Analysts,4,2.05,0.9612403100775191
13-2051.00,Financial and Investment Analysts,4,2.615,1.5452196382428942
13-2052.00,Personal Financial Advisors,4,3.85,2.821705426356589
13-2053.00,Insurance Underwriters,4,2.3,1.2196382428940564
13-2054.00,Financial Risk Specialists,4,2.615,1.5452196382428942
13-2061.00,Financial Examiners,4,2.48,1.4056847545219637
13-2071.00,Credit Counselors,4,4.08,3.0594315245478034
13-2072.00,Loan Officers,4,1.99,0.8992248062015502
13-2081.00,"Tax Examiners and Collectors, and Revenue Agents",3,2.93,1.8708010335917313
13-2082.00,Tax Preparers,3,3.29,2.242894056847545
13-2099.01,Financial Quantitative Analysts,5,2.65,1.581395348837209
13-2099.04,"Fraud Examiners, Investigators and Analysts",4,3.62,2.5839793281653747
15-1211.00,Computer Systems Analysts,3,2.22,1.136950904392765
15-1211.01,Health Informatics Specialists,5,3.14,2.0878552971576227
15-1212.00,Information Security Analysts,4,2.615,1.5452196382428942
15-1221.00,Computer and Information Research Scientists,5,2.615,1.5452196382428942
15-1231.00,Computer Network Support Specialists,4,2.615,1.5452196382428942
15-1232.00,Computer User Support Specialists,3,2.47,1.3953488372093024
15-1241.00,Computer Network Architects,4,3.55,2.5116279069767438
15-1241.01,Telecommunications Engineering Specialists,3,3.19,2.13953488372093
15-1242.00,Database Administrators,4,2.28,1.1989664082687335
15-1243.00,Database Architects,4,2.52,1.4470284237726097
15-1243.01,Data Warehousing Specialists,4,1.74,0.6408268733850128
15-1244.00,Network and Computer Systems Administrators,4,2.615,1.5452196382428942
15-1251.00,Computer Programmers,4,2.615,1.5452196382428942
15-1252.00,Software Developers,4,2.55,1.478036175710594
15-1253.00,Software Quality Assurance Analysts and Testers,4,2.85,1.7881136950904393
15-1254.00,Web Developers,3,2.38,1.3023255813953485
15-1255.00,Web and Digital Interface Designers,4,2.615,1.5452196382428942
15-1255.01,Video Game Designers,4,1.2,0.08268733850129183
15-1299.01,Web Administrators,4,2.4,1.3229974160206717
15-1299.02,Geographic Information Systems Technologists and Technicians,3,2.615,1.5452196382428942
15-1299.03,Document Management Specialists,4,3.0,1.9431524547803616
15-1299.04,Penetration Testers,4,2.615,1.5452196382428942
15-1299.05,Information Security Engineers,4,3.79,2.75968992248062
15-1299.06,Digital Forensics Analysts,4,2.615,1.5452196382428942
15-1299.07,Blockchain Engineers,4,2.615,1.5452196382428942
15-1299.08,Computer Systems Engineers/Architects,3,3.55,2.5116279069767438
15-1299.09,Information Technology Project Managers,4,3.62,2.5839793281653747
15-2011.00,Actuaries,4,3.96,2.9354005167958652
15-2021.00,Mathematicians,5,2.8,1.7364341085271315
15-2031.00,Operations Research Analysts,5,2.14,1.054263565891473
15-2041.00,Statisticians,5,2.1,1.0129198966408268
15-2041.01,Biostatisticians,5,2.25,1.1679586563307491
15-2051.00,Data Scientists,4,2.615,1.5452196382428942
15-2051.01,Business Intelligence Analysts,4,1.82,0.7235142118863048
15-2051.02,Clinical Data Managers,4,2.615,1.5452196382428942
15-2099.01,Bioinformatics Technicians,4,2.615,1.5452196382428942
17-1011.00,"Architects, Except Landscape and Naval",5,3.29,2.242894056847545
17-1012.00,Landscape Architects,4,3.45,2.408268733850129
17-1021.00,Cartographers and Photogrammetrists,4,2.615,1.5452196382428942
17-1022.00,Surveyors,4,3.95,2.9250645994832043
17-1022.01,Geodetic Surveyors,4,2.63,1.560723514211886
17-2011.00,Aerospace Engineers,4,2.615,1.5452196382428942
17-2021.00,Agricultural Engineers,4,2.8,1.7364341085271315
17-2031.00,Bioengineers and Biomedical Engineers,4,2.39,1.3126614987080103
17-2041.00,Chemical Engineers,4,2.13,1.0439276485788112
17-2051.00,Civil Engineers,4,4.05,3.028423772609819
17-2051.01,Transportation Engineers,4,3.91,2.883720930232558
17-2051.02,Water/Wastewater Engineers,4,3.78,2.7493540051679584
17-2061.00,Computer Hardware Engineers,4,2.21,1.1266149870801032
17-2071.00,Electrical Engineers,4,1.95,0.8578811369509042
17-2072.00,"Electronics Engineers, Except Computer",4,1.61,0.5064599483204134
17-2072.01,Radio Frequency Identification Device Specialists,4,2.615,1.5452196382428942
17-2081.00,Environmental Engineers,4,3.81,2.780361757105943
17-2111.00,"Health and Safety Engineers, Except Mining Safety Engineers and Inspectors",4,2.615,1.5452196382428942
17-2111.02,Fire-Prevention and Protection Engineers,4,3.92,2.8940568475452193
17-2112.00,Industrial Engineers,4,2.615,1.5452196382428942
17-2112.01,Human Factors Engineers and Ergonomists,5,3.4,2.3565891472868215
17-2112.02,Validation Engineers,4,2.95,1.8914728682170543
17-2112.03,Manufacturing Engineers,4,2.69,1.6227390180878551
17-2121.00,Marine Engineers and Naval Architects,4,3.26,2.2118863049095605
17-2131.00,Materials Engineers,4,1.9,0.8062015503875967
17-2141.00,Mechanical Engineers,4,2.57,1.498708010335917
17-2141.01,Fuel Cell Engineers,4,2.0,0.9095607235142118
17-2141.02,Automotive Engineers,4,2.24,1.157622739018088
17-2151.00,"Mining and Geological Engineers, Including Mining Safety Engineers",4,2.89,1.8294573643410852
17-2161.00,Nuclear Engineers,4,3.14,2.0878552971576227
17-2171.00,Petroleum Engineers,4,1.83,0.7338501291989663
17-2199.03,"Energy Engineers, Except Wind and Solar",4,2.615,1.5452196382428942
17-2199.05,Mechatronics Engineers,4,2.01,0.9198966408268731
17-2199.06,Microsystems Engineers,5,2.615,1.5452196382428942
17-2199.07,Photonics Engineers,4,1.52,0.41343669250645987
17-2199.08,Robotics Engineers,4,2.27,1.1886304909560723
17-2199.09,Nanosystems Engineers,5,1.76,0.6614987080103358
17-2199.10,Wind Energy Engineers,4,2.615,1.5452196382428942
17-2199.11,Solar Energy Systems Engineers,4,3.04,1.9844961240310077
17-3011.00,Architectural and Civil Drafters,3,2.615,1.5452196382428942
17-3012.00,Electrical and Electronics Drafters,3,2.615,1.5452196382428942
17-3013.00,Mechanical Drafters,3,2.615,1.5452196382428942
17-3021.00,Aerospace Engineering and Operations Technologists and Technicians,3,2.615,1.5452196382428942
17-3022.00,Civil Engineering Technologists and Technicians,3,2.615,1.5452196382428942
17-3023.00,Electrical and Electronic Engineering Technologists and Technicians,3,2.615,1.5452196382428942
17-3024.00,Electro-Mechanical and Mechatronics Technologists and Technicians,3,2.615,1.5452196382428942
17-3024.01,Robotics Technicians,3,2.86,1.7984496124031004
17-3025.00,Environmental Engineering Technologists and Technicians,4,2.615,1.5452196382428942
17-3026.00,Industrial Engineering Technologists and Technicians,3,2.615,1.5452196382428942
17-3026.01,Nanotechnology Engineering Technologists and Technicians,4,2.25,1.1679586563307491
17-3027.00,Mechanical Engineering Technologists and Technicians,3,1.8,0.7028423772609819
17-3027.01,Automotive Engineering Technicians,3,2.615,1.5452196382428942
17-3028.00,Calibration Technologists and Technicians,3,2.615,1.5452196382428942
17-3029.01,Non-Destructive Testing Specialists,2,3.5,2.4599483204134365
17-3029.08,Photonics Technicians,3,2.41,1.3333333333333333
17-3031.00,Surveying and Mapping Technicians,3,2.615,1.5452196382428942
19-1011.00,Animal Scientists,5,2.57,1.498708010335917
19-1012.00,Food Scientists and Technologists,4,2.64,1.5710594315245479
19-1013.00,Soil and Plant Scientists,5,2.62,1.5503875968992247
19-1021.00,Biochemists and Biophysicists,5,2.25,1.1679586563307491
19-1022.00,Microbiologists,4,2.68,1.6124031007751938
19-1023.00,Zoologists and Wildlife Biologists,4,2.45,1.3746770025839794
19-1029.01,Bioinformatics Scientists,5,2.615,1.5452196382428942
19-1029.02,Molecular and Cellular Biologists,5,2.42,1.3436692506459946
19-1029.03,Geneticists,5,2.28,1.1989664082687335
19-1029.04,Biologists,5,2.79,1.7260981912144702
19-1031.00,Conservation Scientists,4,2.74,1.6744186046511629
19-1031.02,Range Managers,4,2.615,1.5452196382428942
19-1031.03,Park Naturalists,4,2.36,1.2816537467700255
19-1032.00,Foresters,4,1.98,0.8888888888888887
19-1041.00,Epidemiologists,5,2.61,1.540051679586563
19-1042.00,"Medical Scientists, Except Epidemiologists",5,3.58,2.5426356589147288
19-2011.00,Astronomers,5,1.91,0.8165374677002581
19-2012.00,Physicists,5,2.615,1.5452196382428942
19-2021.00,Atmospheric and Space Scientists,4,1.85,0.7545219638242894
19-2031.00,Chemists,4,2.58,1.5090439276485788
19-2032.00,Materials Scientists,4,1.9,0.8062015503875967
19-2041.00,"Environmental Scientists and Specialists, Including Health",4,3.23,2.180878552971576
19-2041.01,Climate Change Policy Analysts,5,1.91,0.8165374677002581
19-2041.02,Environmental Restoration Planners,5,3.23,2.180878552971576
19-2041.03,Industrial Ecologists,5,2.13,1.0439276485788112
19-2042.00,"Geoscientists, Except Hydrologists and Geographers",5,2.28,1.1989664082687335
19-2043.00,Hydrologists,5,2.57,1.498708010335917
19-2099.01,Remote Sensing Scientists and Technologists,4,2.48,1.4056847545219637
19-3011.00,Economists,5,1.54,0.4341085271317829
19-3011.01,Environmental Economists,5,1.93,0.8372093023255812
19-3022.00,Survey Researchers,5,1.62,0.5167958656330749
19-3032.00,Industrial-Organizational Psychologists,5,2.15,1.0645994832041341
19-3033.00,Clinical and Counseling Psychologists,5,4.88,3.886304909560723
19-3034.00,School Psychologists,5,4.27,3.2558139534883717
19-3039.02,Neuropsychologists,5,4.56,3.555555555555555
19-3039.03,Clinical Neuropsychologists,5,4.71,3.7105943152454777
19-3041.00,Sociologists,5,3.05,1.9948320413436689
19-3051.00,Urban and Regional Planners,5,3.28,2.2325581395348832
19-3091.00,Anthropologists and Archeologists,5,2.3,1.2196382428940564
19-3092.00,Geographers,4,2.9,1.8397932816537466
19-3093.00,Historians,5,3.02,1.9638242894056845
19-3094.00,Political Scientists,5,2.27,1.1886304909560723
19-3099.01,Transportation Planners,4,2.05,0.9612403100775191
19-4012.00,Agricultural Technicians,3,1.98,0.8888888888888887
19-4012.01,Precision Agriculture Technicians,3,2.7,1.6330749354005167
19-4013.00,Food Science Technicians,3,1.83,0.7338501291989663
19-4021.00,Biological Technicians,4,1.26,0.1447028423772609
19-4031.00,Chemical Technicians,3,1.67,0.5684754521963822
19-4042.00,"Environmental Science and Protection Technicians, Including Health",4,2.91,1.8501291989664082
19-4043.00,"Geological Technicians, Except Hydrologic Technicians",4,2.615,1.5452196382428942
19-4044.00,Hydrologic Technicians,3,2.615,1.5452196382428942
19-4051.00,Nuclear Technicians,3,2.615,1.5452196382428942
19-4051.02,Nuclear Monitoring Technicians,3,2.615,1.5452196382428942
19-4061.00,Social Science Research Assistants,4,2.615,1.5452196382428942
19-4071.00,Forest and Conservation Technicians,3,2.615,1.5452196382428942
19-4092.00,Forensic Science Technicians,3,2.66,1.5917312661498708
19-4099.01,Quality Control Analysts,3,1.79,0.6925064599483203
19-4099.03,Remote Sensing Technicians,4,2.615,1.5452196382428942
19-5011.00,Occupational Health and Safety Specialists,4,2.87,1.8087855297157622
19-5012.00,Occupational Health and Safety Technicians,3,3.29,2.242894056847545
21-1011.00,Substance Abuse and Behavioral Disorder Counselors,5,4.15,3.1317829457364343
21-1012.00,"Educational, Guidance, and Career Counselors and Advisors",5,2.59,1.51937984496124
21-1013.00,Marriage and Family Therapists,5,4.66,3.6589147286821704
21-1014.00,Mental Health Counselors,5,4.57,3.565891472868217
21-1015.00,Rehabilitation Counselors,4,2.68,1.6124031007751938
21-1021.00,"Child, Family, and School Social Workers",4,2.55,1.478036175710594
21-1022.00,Healthcare Social Workers,5,3.54,2.5012919896640824
21-1023.00,Mental Health and Substance Abuse Social Workers,5,4.25,3.235142118863049
21-1091.00,Health Education Specialists,4,3.57,2.532299741602067
21-1092.00,Probation Officers and Correctional Treatment Specialists,4,2.42,1.3436692506459946
21-1093.00,Social and Human Service Assistants,4,2.51,1.436692506459948
21-1094.00,Community Health Workers,4,2.615,1.5452196382428942
21-2011.00,Clergy,5,2.96,1.9018087855297157
21-2021.00,"Directors, Religious Activities and Education",4,2.54,1.4677002583979326
23-1011.00,Lawyers,5,4.35,3.3385012919896635
23-1012.00,Judicial Law Clerks,5,3.14,2.0878552971576227
23-1021.00,"Administrative Law Judges, Adjudicators, and Hearing Officers",5,2.96,1.9018087855297157
23-1022.00,"Arbitrators, Mediators, and Conciliators",5,3.4,2.3565891472868215
23-1023.00,"Judges, Magistrate Judges, and Magistrates",5,4.18,3.162790697674418
23-2011.00,Paralegals and Legal Assistants,3,2.53,1.457364341085271
23-2093.00,"Title Examiners, Abstractors, and Searchers",2,2.615,1.5452196382428942
25-1011.00,"Business Teachers, Postsecondary",5,2.54,1.4677002583979326
25-1021.00,"Computer Science Teachers, Postsecondary",5,3.2,2.149870801033592
25-1022.00,"Mathematical Science Teachers, Postsecondary",5,2.57,1.498708010335917
25-1031.00,"Architecture Teachers, Postsecondary",5,3.02,1.9638242894056845
25-1032.00,"Engineering Teachers, Postsecondary",5,1.42,0.3100775193798448
25-1041.00,"Agricultural Sciences Teachers, Postsecondary",5,2.93,1.8708010335917313
25-1042.00,"Biological Science Teachers, Postsecondary",5,2.16,1.074935400516796
25-1043.00,"Forestry and Conservation Science Teachers, Postsecondary",5,2.31,1.2299741602067182
25-1051.00,"Atmospheric, Earth, Marine, and Space Sciences Teachers, Postsecondary",5,2.32,1.2403100775193796
25-1052.00,"Chemistry Teachers, Postsecondary",5,2.24,1.157622739018088
25-1053.00,"Environmental Science Teachers, Postsecondary",5,2.53,1.457364341085271
25-1054.00,"Physics Teachers, Postsecondary",5,2.37,1.2919896640826873
25-1061.00,"Anthropology and Archeology Teachers, Postsecondary",5,2.23,1.1472868217054262
25-1062.00,"Area, Ethnic, and Cultural Studies Teachers, Postsecondary",5,2.98,1.9224806201550386
25-1063.00,"Economics Teachers, Postsecondary",5,1.76,0.6614987080103358
25-1064.00,"Geography Teachers, Postsecondary",5,2.15,1.0645994832041341
25-1065.00,"Political Science Teachers, Postsecondary",5,3.61,2.573643410852713
25-1066.00,"Psychology Teachers, Postsecondary",5,2.81,1.7467700258397931
25-1067.00,"Sociology Teachers, Postsecondary",5,2.71,1.643410852713178
25-1071.00,"Health Specialties Teachers, Postsecondary",5,4.48,3.472868217054264
25-1072.00,"Nursing Instructors and Teachers, Postsecondary",5,3.64,2.6046511627906974
25-1081.00,"Education Teachers, Postsecondary",5,3.52,2.4806201550387597
25-1082.00,"Library Science Teachers, Postsecondary",5,3.51,2.470284237726098
25-1111.00,"Criminal Justice and Law Enforcement Teachers, Postsecondary",5,3.06,2.0051679586563305
25-1112.00,"Law Teachers, Postsecondary",5,3.92,2.8940568475452193
25-1113.00,"Social Work Teachers, Postsecondary",5,3.36,2.3152454780361755
25-1121.00,"Art, Drama, and Music Teachers, Postsecondary",5,3.29,2.242894056847545
25-1122.00,"Communications Teachers, Postsecondary",5,3.0,1.9431524547803616
25-1123.00,"English Language and Literature Teachers, Postsecondary",5,2.9,1.8397932816537466
25-1124.00,"Foreign Language and Literature Teachers, Postsecondary",5,2.17,1.085271317829457
25-1125.00,"History Teachers, Postsecondary",5,2.08,0.9922480620155039
25-1126.00,"Philosophy and Religion Teachers, Postsecondary",5,2.7,1.6330749354005167
25-1192.00,"Family and Consumer Sciences Teachers, Postsecondary",5,2.86,1.7984496124031004
25-1193.00,"Recreation and Fitness Studies Teachers, Postsecondary",5,3.78,2.7493540051679584
25-1194.00,"Career/Technical Education Teachers, Postsecondary",3,4.26,3.2454780361757103
25-2011.00,"Preschool Teachers, Except Special Education",3,2.79,1.7260981912144702
25-2012.00,"Kindergarten Teachers, Except Special Education",4,4.66,3.6589147286821704
25-2021.00,"Elementary School Teachers, Except Special Education",4,4.37,3.359173126614987
25-2022.00,"Middle School Teachers, Except Special and Career/Technical Education",4,3.41,2.3669250645994833
25-2023.00,"Career/Technical Education Teachers, Middle School",4,4.1,3.080103359173126
25-2031.00,"Secondary School Teachers, Except Special and Career/Technical Education",4,4.44,3.4315245478036176
25-2032.00,"Career/Technical Education Teachers, Secondary School",4,3.66,2.6253229974160206
25-2051.00,"Special Education Teachers, Preschool",5,2.615,1.5452196382428942
25-2055.00,"Special Education Teachers, Kindergarten",4,2.615,1.5452196382428942
25-2056.00,"Special Education Teachers, Elementary School",4,4.27,3.2558139534883717
25-2057.00,"Special Education Teachers, Middle School",4,3.91,2.883720930232558
25-2058.00,"Special Education Teachers, Secondary School",4,4.23,3.214470284237726
25-2059.01,Adapted Physical Education Specialists,5,4.0,2.9767441860465116
25-3011.00,"Adult Basic Education, Adult Secondary Education, and English as a Second Language Instructors",4,2.58,1.5090439276485788
25-3021.00,Self-Enrichment Teachers,3,2.99,1.9328165374677002
25-3031.00,"Substitute Teachers, Short-Term",4,2.52,1.4470284237726097
25-3041.00,Tutors,3,2.09,1.002583979328165
25-4011.00,Archivists,5,2.19,1.1059431524547803
25-4012.00,Curators,5,2.15,1.0645994832041341
25-4013.00,Museum Technicians and Conservators,4,2.615,1.5452196382428942
25-4022.00,Librarians and Media Collections Specialists,5,3.75,2.718346253229974
25-4031.00,Library Technicians,3,2.615,1.5452196382428942
25-9021.00,Farm and Home Management Educators,5,2.26,1.1782945736434105
25-9031.00,Instructional Coordinators,5,4.38,3.369509043927648
25-9042.00,"Teaching Assistants, Preschool, Elementary, Middle, and Secondary School, Except Special Education",3,2.21,1.1266149870801032
25-9043.00,"Teaching Assistants, Special Education",3,2.23,1.1472868217054262
25-9044.00,"Teaching Assistants, Postsecondary",5,2.615,1.5452196382428942
27-1011.00,Art Directors,4,3.12,2.0671834625322996
27-1012.00,Craft Artists,3,1.48,0.37209302325581384
27-1013.00,"Fine Artists, Including Painters, Sculptors, and Illustrators",3,2.615,1.5452196382428942
27-1014.00,Special Effects Artists and Animators,4,1.88,0.7855297157622737
27-1021.00,Commercial and Industrial Designers,4,1.63,0.5271317829457361
27-1022.00,Fashion Designers,3,2.02,0.9302325581395348
27-1023.00,Floral Designers,2,2.615,1.5452196382428942
27-1024.00,Graphic Designers,4,2.3,1.2196382428940564
27-1025.00,Interior Designers,4,3.64,2.6046511627906974
27-1026.00,Merchandise Displayers and Window Trimmers,3,2.615,1.5452196382428942
27-1027.00,Set and Exhibit Designers,5,2.19,1.1059431524547803
27-2011.00,Actors,2,2.615,1.5452196382428942
27-2012.00,Producers and Directors,4,1.9,0.8062015503875967
27-2012.03,Media Programming Directors,4,1.78,0.6821705426356588
27-2012.04,Talent Directors,4,1.3,0.18604651162790692
27-2012.05,Media Technical Directors/Managers,4,1.89,0.7958656330749352
27-2021.00,Athletes and Sports Competitors,2,2.615,1.5452196382428942
27-2022.00,Coaches and Scouts,4,2.51,1.436692506459948
27-2023.00,"Umpires, Referees, and Other Sports Officials",2,2.76,1.6950904392764854
27-2031.00,Dancers,3,2.615,1.5452196382428942
27-2032.00,Choreographers,3,1.76,0.6614987080103358
27-2041.00,Music Directors and Composers,4,2.615,1.5452196382428942
27-2042.00,Musicians and Singers,4,2.615,1.5452196382428942
27-2091.00,"Disc Jockeys, Except Radio",2,2.615,1.5452196382428942
27-3011.00,Broadcast Announcers and Radio Disc Jockeys,4,1.25,0.13436692506459938
27-3023.00,"News Analysts, Reporters, and Journalists",4,2.615,1.5452196382428942
27-3031.00,Public Relations Specialists,4,1.86,0.7648578811369509
27-3041.00,Editors,4,2.615,1.5452196382428942
27-3042.00,Technical Writers,4,2.615,1.5452196382428942
27-3043.00,Writers and Authors,4,1.14,0.020671834625322787
27-3043.05,"Poets, Lyricists and Creative Writers",4,1.5,0.39276485788113685
27-3091.00,Interpreters and Translators,4,4.01,2.9870801033591725
27-3092.00,Court Reporters and Simultaneous Captioners,3,3.65,2.614987080103359
27-4011.00,Audio and Video Technicians,3,2.49,1.4160206718346253
27-4012.00,Broadcast Technicians,3,1.82,0.7235142118863048
27-4014.00,Sound Engineering Technicians,3,2.12,1.0335917312661498
27-4015.00,Lighting Technicians,3,2.615,1.5452196382428942
27-4021.00,Photographers,3,2.5,1.4263565891472867
27-4031.00,"Camera Operators, Television, Video, and Film",3,1.52,0.41343669250645987
27-4032.00,Film and Video Editors,4,1.92,0.8268733850129197
29-1011.00,Chiropractors,5,2.615,1.5452196382428942
29-1021.00,"Dentists, General",5,2.615,1.5452196382428942
29-1022.00,Oral and Maxillofacial Surgeons,5,2.615,1.5452196382428942
29-1023.00,Orthodontists,5,4.61,3.607235142118863
29-1024.00,Prosthodontists,5,4.62,3.6175710594315245
29-1031.00,Dietitians and Nutritionists,5,4.1,3.080103359173126
29-1041.00,Optometrists,5,4.81,3.8139534883720922
29-1051.00,Pharmacists,5,3.8,2.770025839793281
29-1071.00,Physician Assistants,5,4.76,3.762273901808785
29-1071.01,Anesthesiologist Assistants,5,2.615,1.5452196382428942
29-1081.00,Podiatrists,5,4.7,3.7002583979328163
29-1122.00,Occupational Therapists,5,4.36,3.3488372093023258
29-1122.01,"Low Vision Therapists, Orientation and Mobility Specialists, and Vision Rehabilitation Therapists",5,4.3,3.286821705426356
29-1123.00,Physical Therapists,5,4.27,3.2558139534883717
29-1124.00,Radiation Therapists,3,2.615,1.5452196382428942
29-1125.00,Recreational Therapists,4,4.49,3.483204134366925
29-1126.00,Respiratory Therapists,3,2.615,1.5452196382428942
29-1127.00,Speech-Language Pathologists,5,4.99,4.0
29-1128.00,Exercise Physiologists,4,4.09,3.069767441860465
29-1129.01,Art Therapists,5,4.19,3.1731266149870803
29-1129.02,Music Therapists,4,4.77,3.7726098191214463
29-1131.00,Veterinarians,5,4.51,3.5038759689922476
29-1141.00,Registered Nurses,4,3.74,2.708010335917313
29-1141.01,Acute Care Nurses,4,3.62,2.5839793281653747
29-1141.02,Advanced Practice Psychiatric Nurses,5,4.91,3.917312661498708
29-1141.03,Critical Care Nurses,4,3.36,2.3152454780361755
29-1141.04,Clinical Nurse Specialists,5,4.86,3.8656330749354004
29-1151.00,Nurse Anesthetists,5,4.93,3.9379844961240305
29-1161.00,Nurse Midwives,5,4.82,3.8242894056847545
29-1171.00,Nurse Practitioners,5,4.78,3.7829457364341086
29-1181.00,Audiologists,5,4.41,3.400516795865633
29-1211.00,Anesthesiologists,5,2.615,1.5452196382428942
29-1212.00,Cardiologists,5,2.615,1.5452196382428942
29-1213.00,Dermatologists,5,4.48,3.472868217054264
29-1214.00,Emergency Medicine Physicians,5,4.97,3.9793281653746764
29-1215.00,Family Medicine Physicians,5,4.98,3.9896640826873386
29-1216.00,General Internal Medicine Physicians,5,4.69,3.6899224806201554
29-1217.00,Neurologists,5,2.615,1.5452196382428942
29-1218.00,Obstetricians and Gynecologists,5,4.96,3.9689922480620154
29-1221.00,"Pediatricians, General",5,4.73,3.7312661498708013
29-1222.00,"Physicians, Pathologists",5,4.96,3.9689922480620154
29-1223.00,Psychiatrists,5,2.615,1.5452196382428942
29-1224.00,Radiologists,5,4.88,3.886304909560723
29-1229.01,Allergists and Immunologists,5,3.81,2.780361757105943
29-1229.02,Hospitalists,5,4.0,2.9767441860465116
29-1229.03,Urologists,5,4.87,3.875968992248062
29-1229.04,Physical Medicine and Rehabilitation Physicians,5,2.615,1.5452196382428942
29-1229.05,Preventive Medicine Physicians,5,4.95,3.958656330749354
29-1229.06,Sports Medicine Physicians,5,2.615,1.5452196382428942
29-1241.00,"Ophthalmologists, Except Pediatric",5,4.67,3.6692506459948317
29-1242.00,"Orthopedic Surgeons, Except Pediatric",5,2.615,1.5452196382428942
29-1243.00,Pediatric Surgeons,5,2.615,1.5452196382428942
29-1291.00,Acupuncturists,5,4.48,3.472868217054264
29-1292.00,Dental Hygienists,3,4.78,3.7829457364341086
29-1299.01,Naturopathic Physicians,5,4.48,3.472868217054264
29-1299.02,Orthoptists,5,4.75,3.751937984496124
29-2011.00,Medical and Clinical Laboratory Technologists,4,4.17,3.1524547803617566
29-2011.01,Cytogenetic Technologists,4,4.14,3.121447028423772
29-2011.02,Cytotechnologists,5,4.95,3.958656330749354
29-2011.04,Histotechnologists,4,4.14,3.121447028423772
29-2012.00,Medical and Clinical Laboratory Technicians,3,2.615,1.5452196382428942
29-2012.01,Histology Technicians,3,3.68,2.645994832041344
29-2031.00,Cardiovascular Technologists and Technicians,3,2.615,1.5452196382428942
29-2032.00,Diagnostic Medical Sonographers,3,2.615,1.5452196382428942
29-2033.00,Nuclear Medicine Technologists,3,2.615,1.5452196382428942
29-2034.00,Radiologic Technologists and Technicians,3,4.62,3.6175710594315245
29-2035.00,Magnetic Resonance Imaging Technologists,3,4.55,3.5452196382428935
29-2036.00,Medical Dosimetrists,4,4.6,3.596899224806201
29-2042.00,Emergency Medical Technicians,3,2.615,1.5452196382428942
29-2043.00,Paramedics,3,2.615,1.5452196382428942
29-2051.00,Dietetic Technicians,3,4.21,3.193798449612403
29-2052.00,Pharmacy Technicians,3,3.74,2.708010335917313
29-2053.00,Psychiatric Technicians,3,3.33,2.284237726098191
29-2055.00,Surgical Technologists,3,2.615,1.5452196382428942
29-2056.00,Veterinary Technologists and Technicians,3,2.98,1.9224806201550386
29-2057.00,Ophthalmic Medical Technicians,3,3.68,2.645994832041344
29-2061.00,Licensed Practical and Licensed Vocational Nurses,3,4.17,3.1524547803617566
29-2072.00,Medical Records Specialists,3,2.615,1.5452196382428942
29-2081.00,"Opticians, Dispensing",3,3.67,2.635658914728682
29-2091.00,Orthotists and Prosthetists,5,4.76,3.762273901808785
29-2092.00,Hearing Aid Specialists,3,4.98,3.9896640826873386
29-2099.01,Neurodiagnostic Technologists,3,4.58,3.5762273901808785
29-2099.05,Ophthalmic Medical Technologists,3,4.2,3.1834625322997416
29-2099.08,Patient Representatives,3,2.58,1.5090439276485788
29-9021.00,Health Information Technologists and Medical Registrars,3,2.615,1.5452196382428942
29-9091.00,Athletic Trainers,5,4.48,3.472868217054264
29-9092.00,Genetic Counselors,5,2.615,1.5452196382428942
29-9093.00,Surgical Assistants,3,2.615,1.5452196382428942
29-9099.01,Midwives,5,4.91,3.917312661498708
31-1121.00,Home Health Aides,2,2.615,1.5452196382428942
31-1122.00,Personal Care Aides,2,3.78,2.7493540051679584
31-1131.00,Nursing Assistants,3,3.76,2.728682170542635
31-1132.00,Orderlies,2,2.615,1.5452196382428942
31-1133.00,Psychiatric Aides,2,2.61,1.540051679586563
31-2011.00,Occupational Therapy Assistants,3,4.19,3.1731266149870803
31-2012.00,Occupational Therapy Aides,3,2.83,1.767441860465116
31-2021.00,Physical Therapist Assistants,3,4.74,3.7416020671834627
31-2022.00,Physical Therapist Aides,2,2.46,1.3850129198966405
31-9011.00,Massage Therapists,3,4.54,3.534883720930232
31-9091.00,Dental Assistants,3,3.29,2.242894056847545
31-9092.00,Medical Assistants,3,2.95,1.8914728682170543
31-9093.00,Medical Equipment Preparers,2,2.615,1.5452196382428942
31-9094.00,Medical Transcriptionists,3,2.32,1.2403100775193796
31-9095.00,Pharmacy Aides,2,2.615,1.5452196382428942
31-9096.00,Veterinary Assistants and Laboratory Animal Caretakers,2,2.03,0.940568475452196
31-9097.00,Phlebotomists,3,3.77,2.739018087855297
31-9099.01,Speech-Language Pathology Assistants,3,4.7,3.7002583979328163
31-9099.02,Endoscopy Technicians,2,2.69,1.6227390180878551
33-1011.00,First-Line Supervisors of Correctional Officers,3,2.9,1.8397932816537466
33-1012.00,First-Line Supervisors of Police and Detectives,2,2.9,1.8397932816537466
33-1021.00,First-Line Supervisors of Firefighting and Prevention Workers,3,2.615,1.5452196382428942
33-1091.00,First-Line Supervisors of Security Workers,2,3.76,2.728682170542635
33-2011.00,Firefighters,3,2.615,1.5452196382428942
33-2021.00,Fire Inspectors and Investigators,3,4.23,3.214470284237726
33-2022.00,Forest Fire Inspectors and Prevention Specialists,3,2.615,1.5452196382428942
33-3011.00,Bailiffs,3,2.98,1.9224806201550386
33-3012.00,Correctional Officers and Jailers,2,2.54,1.4677002583979326
33-3021.00,Detectives and Criminal Investigators,3,2.615,1.5452196382428942
33-3021.02,Police Identification and Records Officers,3,3.28,2.2325581395348832
33-3021.06,Intelligence Analysts,4,2.39,1.3126614987080103
33-3031.00,Fish and Game Wardens,4,2.615,1.5452196382428942
33-3041.00,Parking Enforcement Workers,2,2.615,1.5452196382428942
33-3051.00,Police and Sheriff's Patrol Officers,3,2.615,1.5452196382428942
33-3051.04,Customs and Border Protection Officers,3,2.615,1.5452196382428942
33-3052.00,Transit and Railroad Police,3,2.615,1.5452196382428942
33-9011.00,Animal Control Workers,2,3.35,2.304909560723514
33-9021.00,Private Detectives and Investigators,3,2.615,1.5452196382428942
33-9031.00,Gambling Surveillance Officers and Gambling Investigators,2,2.02,0.9302325581395348
33-9032.00,Security Guards,2,2.71,1.643410852713178
33-9091.00,Crossing Guards and Flaggers,2,2.615,1.5452196382428942
33-9092.00,"Lifeguards, Ski Patrol, and Other Recreational Protective Service Workers",2,3.71,2.677002583979328
33-9093.00,Transportation Security Screeners,2,2.615,1.5452196382428942
33-9094.00,School Bus Monitors,2,2.615,1.5452196382428942
33-9099.02,Retail Loss Prevention Specialists,2,2.615,1.5452196382428942
35-1011.00,Chefs and Head Cooks,3,2.96,1.9018087855297157
35-1012.00,First-Line Supervisors of Food Preparation and Serving Workers,2,2.33,1.2506459948320412
35-2011.00,"Cooks, Fast Food",1,1.49,0.3824289405684753
35-2012.00,"Cooks, Institution and Cafeteria",2,2.15,1.0645994832041341
35-2013.00,"Cooks, Private Household",3,2.88,1.8191214470284236
35-2014.00,"Cooks, Restaurant",2,1.66,0.5581395348837207
35-2015.00,"Cooks, Short Order",2,1.73,0.6304909560723513
35-2021.00,Food Preparation Workers,2,1.65,0.5478036175710592
35-3011.00,Bartenders,2,2.615,1.5452196382428942
35-3023.00,Fast Food and Counter Workers,1,1.74,0.6408268733850128
35-3023.01,Baristas,1,2.615,1.5452196382428942
35-3031.00,Waiters and Waitresses,2,2.0,0.9095607235142118
35-3041.00,"Food Servers, Nonrestaurant",2,1.92,0.8268733850129197
35-9011.00,Dining Room and Cafeteria Attendants and Bartender Helpers,1,1.71,0.6098191214470282
35-9021.00,Dishwashers,1,1.48,0.37209302325581384
35-9031.00,"Hosts and Hostesses, Restaurant, Lounge, and Coffee Shop",1,1.99,0.8992248062015502
37-1011.00,First-Line Supervisors of Housekeeping and Janitorial Workers,2,1.9,0.8062015503875967
37-1012.00,"First-Line Supervisors of Landscaping, Lawn Service, and Groundskeeping Workers",3,2.94,1.8811369509043925
37-2011.00,"Janitors and Cleaners, Except Maids and Housekeeping Cleaners",3,2.42,1.3436692506459946
37-2012.00,Maids and Housekeeping Cleaners,1,1.78,0.6821705426356588
37-2021.00,Pest Control Workers,2,2.615,1.5452196382428942
37-3011.00,Landscaping and Groundskeeping Workers,1,2.615,1.5452196382428942
37-3012.00,"Pesticide Handlers, Sprayers, and Applicators, Vegetation",2,2.615,1.5452196382428942
37-3013.00,Tree Trimmers and Pruners,2,2.615,1.5452196382428942
39-1013.00,First-Line Supervisors of Gambling Services Workers,2,2.615,1.5452196382428942
39-1014.00,"First-Line Supervisors of Entertainment and Recreation Workers, Except Gambling Services",2,2.615,1.5452196382428942
39-1022.00,First-Line Supervisors of Personal Service Workers,3,3.24,2.1912144702842378
39-2011.00,Animal Trainers,2,2.615,1.5452196382428942
39-2021.00,Animal Caretakers,2,1.7,0.5994832041343667
39-3011.00,Gambling Dealers,2,2.03,0.940568475452196
39-3012.00,Gambling and Sports Book Writers and Runners,2,2.615,1.5452196382428942
39-3021.00,Motion Picture Projectionists,2,1.29,0.1757105943152454
39-3031.00,"Ushers, Lobby Attendants, and Ticket Takers",2,2.615,1.5452196382428942
39-3091.00,Amusement and Recreation Attendants,1,1.12,0.0
39-3092.00,Costume Attendants,2,2.615,1.5452196382428942
39-3093.00,"Locker Room, Coatroom, and Dressing Room Attendants",2,2.615,1.5452196382428942
39-4011.00,Embalmers,3,3.89,2.863049095607235
39-4012.00,Crematory Operators,2,2.615,1.5452196382428942
39-4021.00,Funeral Attendants,2,2.2,1.1162790697674418
39-4031.00,"Morticians, Undertakers, and Funeral Arrangers",3,4.2,3.1834625322997416
39-5011.00,Barbers,3,2.615,1.5452196382428942
39-5012.00,"Hairdressers, Hairstylists, and Cosmetologists",3,2.615,1.5452196382428942
39-5091.00,"Makeup Artists, Theatrical and Performance",3,2.67,1.602067183462532
39-5092.00,Manicurists and Pedicurists,2,2.615,1.5452196382428942
39-5093.00,Shampooers,2,2.615,1.5452196382428942
39-5094.00,Skincare Specialists,3,4.32,3.30749354005168
39-6011.00,Baggage Porters and Bellhops,2,1.91,0.8165374677002581
39-6012.00,Concierges,2,1.95,0.8578811369509042
39-7011.00,Tour Guides and Escorts,3,2.1,1.0129198966408268
39-7012.00,Travel Guides,2,2.02,0.9302325581395348
39-9011.00,Childcare Workers,2,2.615,1.5452196382428942
39-9011.01,Nannies,2,2.44,1.3643410852713176
39-9031.00,Exercise Trainers and Group Fitness Instructors,3,4.67,3.6692506459948317
39-9032.00,Recreation Workers,4,2.615,1.5452196382428942
39-9041.00,Residential Advisors,3,1.9,0.8062015503875967
41-1011.00,First-Line Supervisors of Retail Sales Workers,2,2.12,1.0335917312661498
41-1012.00,First-Line Supervisors of Non-Retail Sales Workers,4,2.31,1.2299741602067182
41-2011.00,Cashiers,2,1.29,0.1757105943152454
41-2012.00,Gambling Change Persons and Booth Cashiers,2,1.31,0.19638242894056843
41-2021.00,Counter and Rental Clerks,2,1.63,0.5271317829457361
41-2022.00,Parts Salespersons,2,1.97,0.8785529715762272
41-2031.00,Retail Salespersons,2,2.615,1.5452196382428942
41-3011.00,Advertising Sales Agents,4,1.72,0.6201550387596898
41-3021.00,Insurance Sales Agents,4,3.58,2.5426356589147288
41-3031.00,"Securities, Commodities, and Financial Services Sales Agents",4,2.615,1.5452196382428942
41-3041.00,Travel Agents,3,2.615,1.5452196382428942
41-3091.00,"Sales Representatives of Services, Except Advertising, Insurance, Financial Services, and Travel",2,2.615,1.5452196382428942
41-4011.00,"Sales Representatives, Wholesale and Manufacturing, Technical and Scientific Products",4,2.615,1.5452196382428942
41-4011.07,Solar Sales Representatives and Assessors,3,2.11,1.0232558139534882
41-4012.00,"Sales Representatives, Wholesale and Manufacturing, Except Technical and Scientific Products",4,1.61,0.5064599483204134
41-9011.00,Demonstrators and Product Promoters,2,2.615,1.5452196382428942
41-9012.00,Models,2,2.615,1.5452196382428942
41-9021.00,Real Estate Brokers,4,2.615,1.5452196382428942
41-9022.00,Real Estate Sales Agents,3,4.14,3.121447028423772
41-9031.00,Sales Engineers,4,1.74,0.6408268733850128
41-9041.00,Telemarketers,2,1.21,0.09302325581395333
41-9091.00,"Door-to-Door Sales Workers, News and Street Vendors, and Related Workers",1,2.615,1.5452196382428942
43-1011.00,First-Line Supervisors of Office and Administrative Support Workers,3,2.615,1.5452196382428942
43-2011.00,"Switchboard Operators, Including Answering Service",2,1.46,0.3514211886304908
43-2021.00,Telephone Operators,2,1.61,0.5064599483204134
43-3011.00,Bill and Account Collectors,2,1.52,0.41343669250645987
43-3021.00,Billing and Posting Clerks,3,2.615,1.5452196382428942
43-3031.00,"Bookkeeping, Accounting, and Auditing Clerks",3,2.615,1.5452196382428942
43-3041.00,Gambling Cage Workers,2,1.74,0.6408268733850128
43-3051.00,Payroll and Timekeeping Clerks,3,1.9,0.8062015503875967
43-3061.00,Procurement Clerks,2,2.25,1.1679586563307491
43-3071.00,Tellers,2,2.615,1.5452196382428942
43-4011.00,Brokerage Clerks,3,2.615,1.5452196382428942
43-4021.00,Correspondence Clerks,2,1.9,0.8062015503875967
43-4031.00,"Court, Municipal, and License Clerks",2,2.615,1.5452196382428942
43-4041.00,"Credit Authorizers, Checkers, and Clerks",2,2.615,1.5452196382428942
43-4051.00,Customer Service Representatives,2,1.76,0.6614987080103358
43-4061.00,"Eligibility Interviewers, Government Programs",3,2.08,0.9922480620155039
43-4071.00,File Clerks,2,2.08,0.9922480620155039
43-4081.00,"Hotel, Motel, and Resort Desk Clerks",2,2.615,1.5452196382428942
43-4111.00,"Interviewers, Except Eligibility and Loan",3,2.0,0.9095607235142118
43-4121.00,"Library Assistants, Clerical",2,1.76,0.6614987080103358
43-4131.00,Loan Interviewers and Clerks,3,2.615,1.5452196382428942
43-4141.00,New Accounts Clerks,3,1.99,0.8992248062015502
43-4151.00,Order Clerks,2,2.76,1.6950904392764854
43-4161.00,"Human Resources Assistants, Except Payroll and Timekeeping",3,2.09,1.002583979328165
43-4171.00,Receptionists and Information Clerks,2,1.82,0.7235142118863048
43-4181.00,Reservation and Transportation Ticket Agents and Travel Clerks,2,2.615,1.5452196382428942
43-5011.00,Cargo and Freight Agents,2,2.19,1.1059431524547803
43-5011.01,Freight Forwarders,2,2.18,1.0956072351421189
43-5021.00,Couriers and Messengers,2,2.615,1.5452196382428942
43-5031.00,Public Safety Telecommunicators,2,3.46,2.4186046511627906
43-5032.00,"Dispatchers, Except Police, Fire, and Ambulance",2,2.09,1.002583979328165
43-5041.00,"Meter Readers, Utilities",2,2.615,1.5452196382428942
43-5051.00,Postal Service Clerks,2,2.615,1.5452196382428942
43-5052.00,Postal Service Mail Carriers,2,2.615,1.5452196382428942
43-5053.00,"Postal Service Mail Sorters, Processors, and Processing Machine Operators",2,2.615,1.5452196382428942
43-5061.00,"Production, Planning, and Expediting Clerks",2,1.84,0.7441860465116279
43-5071.00,"Shipping, Receiving, and Inventory Clerks",2,1.44,0.3307493540051678
43-5111.00,"Weighers, Measurers, Checkers, and Samplers, Recordkeeping",2,2.615,1.5452196382428942
43-6011.00,Executive Secretaries and Executive Administrative Assistants,3,2.615,1.5452196382428942
43-6012.00,Legal Secretaries and Administrative Assistants,3,1.96,0.8682170542635658
43-6013.00,Medical Secretaries and Administrative Assistants,2,1.76,0.6614987080103358
43-6014.00,"Secretaries and Administrative Assistants, Except Legal, Medical, and Executive",2,2.1,1.0129198966408268
43-9021.00,Data Entry Keyers,2,2.615,1.5452196382428942
43-9022.00,Word Processors and Typists,2,2.615,1.5452196382428942
43-9031.00,Desktop Publishers,3,2.615,1.5452196382428942
43-9041.00,Insurance Claims and Policy Processing Clerks,2,2.615,1.5452196382428942
43-9051.00,"Mail Clerks and Mail Machine Operators, Except Postal Service",2,2.615,1.5452196382428942
43-9061.00,"Office Clerks, General",2,2.615,1.5452196382428942
43-9071.00,"Office Machine Operators, Except Computer",2,2.615,1.5452196382428942
43-9081.00,Proofreaders and Copy Markers,4,2.615,1.5452196382428942
43-9111.00,Statistical Assistants,4,2.615,1.5452196382428942
45-1011.00,"First-Line Supervisors of Farming, Fishing, and Forestry Workers",3,2.615,1.5452196382428942
45-2011.00,Agricultural Inspectors,2,2.615,1.5452196382428942
45-2021.00,Animal Breeders,2,2.615,1.5452196382428942
45-2041.00,"Graders and Sorters, Agricultural Products",1,2.615,1.5452196382428942
45-2091.00,Agricultural Equipment Operators,1,2.615,1.5452196382428942
45-2092.00,"Farmworkers and Laborers, Crop, Nursery, and Greenhouse",1,2.615,1.5452196382428942
45-2093.00,"Farmworkers, Farm, Ranch, and Aquacultural Animals",2,2.615,1.5452196382428942
45-3031.00,Fishing and Hunting Workers,1,2.5,1.4263565891472867
45-4011.00,Forest and Conservation Workers,2,2.36,1.2816537467700255
45-4021.00,Fallers,1,2.615,1.5452196382428942
45-4022.00,Logging Equipment Operators,1,2.615,1.5452196382428942
45-4023.00,Log Graders and Scalers,2,2.615,1.5452196382428942
47-1011.00,First-Line Supervisors of Construction Trades and Extraction Workers,3,3.04,1.9844961240310077
47-1011.03,Solar Energy Installation Managers,3,2.96,1.9018087855297157
47-2011.00,Boilermakers,2,1.86,0.7648578811369509
47-2021.00,Brickmasons and Blockmasons,2,2.615,1.5452196382428942
47-2022.00,Stonemasons,2,1.49,0.3824289405684753
47-2031.00,Carpenters,2,2.53,1.457364341085271
47-2041.00,Carpet Installers,2,2.615,1.5452196382428942
47-2042.00,"Floor Layers, Except Carpet, Wood, and Hard Tiles",2,2.615,1.5452196382428942
47-2043.00,Floor Sanders and Finishers,1,1.75,0.6511627906976742
47-2044.00,Tile and Stone Setters,2,1.38,0.26873385012919876
47-2051.00,Cement Masons and Concrete Finishers,1,2.3,1.2196382428940564
47-2053.00,Terrazzo Workers and Finishers,2,2.615,1.5452196382428942
47-2061.00,Construction Laborers,2,2.83,1.767441860465116
47-2071.00,"Paving, Surfacing, and Tamping Equipment Operators",2,2.41,1.3333333333333333
47-2072.00,Pile Driver Operators,2,2.615,1.5452196382428942
47-2073.00,Operating Engineers and Other Construction Equipment Operators,2,2.13,1.0439276485788112
47-2081.00,Drywall and Ceiling Tile Installers,2,2.615,1.5452196382428942
47-2082.00,Tapers,2,2.615,1.5452196382428942
47-2111.00,Electricians,3,2.47,1.3953488372093024
47-2121.00,Glaziers,2,2.03,0.940568475452196
47-2131.00,"Insulation Workers, Floor, Ceiling, and Wall",2,2.615,1.5452196382428942
47-2132.00,"Insulation Workers, Mechanical",2,2.62,1.5503875968992247
47-2141.00,"Painters, Construction and Maintenance",2,1.77,0.6718346253229973
47-2142.00,Paperhangers,2,2.615,1.5452196382428942
47-2151.00,Pipelayers,1,2.16,1.074935400516796
47-2152.00,"Plumbers, Pipefitters, and Steamfitters",3,3.64,2.6046511627906974
47-2152.04,Solar Thermal Installers and Technicians,3,2.615,1.5452196382428942
47-2161.00,Plasterers and Stucco Masons,1,2.615,1.5452196382428942
47-2171.00,Reinforcing Iron and Rebar Workers,2,2.615,1.5452196382428942
47-2181.00,Roofers,2,2.615,1.5452196382428942
47-2211.00,Sheet Metal Workers,2,2.6,1.5297157622739017
47-2221.00,Structural Iron and Steel Workers,2,2.615,1.5452196382428942
47-2231.00,Solar Photovoltaic Installers,2,2.76,1.6950904392764854
47-3011.00,"Helpers--Brickmasons, Blockmasons, Stonemasons, and Tile and Marble Setters",2,2.615,1.5452196382428942
47-3012.00,Helpers--Carpenters,2,2.615,1.5452196382428942
47-3013.00,Helpers--Electricians,2,3.27,2.222222222222222
47-3014.00,"Helpers--Painters, Paperhangers, Plasterers, and Stucco Masons",1,2.615,1.5452196382428942
47-3015.00,"Helpers--Pipelayers, Plumbers, Pipefitters, and Steamfitters",2,2.615,1.5452196382428942
47-3016.00,Helpers--Roofers,2,2.615,1.5452196382428942
47-4011.00,Construction and Building Inspectors,3,4.2,3.1834625322997416
47-4011.01,Energy Auditors,3,3.38,2.3359173126614983
47-4021.00,Elevator and Escalator Installers and Repairers,3,2.615,1.5452196382428942
47-4031.00,Fence Erectors,2,2.615,1.5452196382428942
47-4041.00,Hazardous Materials Removal Workers,3,2.615,1.5452196382428942
47-4051.00,Highway Maintenance Workers,2,2.615,1.5452196382428942
47-4061.00,Rail-Track Laying and Maintenance Equipment Operators,2,2.615,1.5452196382428942
47-4071.00,Septic Tank Servicers and Sewer Pipe Cleaners,1,2.615,1.5452196382428942
47-4091.00,Segmental Pavers,2,2.615,1.5452196382428942
47-4099.03,Weatherization Installers and Technicians,2,3.13,2.077519379844961
47-5011.00,"Derrick Operators, Oil and Gas",1,2.615,1.5452196382428942
47-5012.00,"Rotary Drill Operators, Oil and Gas",2,2.615,1.5452196382428942
47-5013.00,"Service Unit Operators, Oil and Gas",2,2.615,1.5452196382428942
47-5022.00,"Excavating and Loading Machine and Dragline Operators, Surface Mining",2,2.615,1.5452196382428942
47-5023.00,"Earth Drillers, Except Oil and Gas",2,2.615,1.5452196382428942
47-5032.00,"Explosives Workers, Ordnance Handling Experts, and Blasters",2,2.615,1.5452196382428942
47-5041.00,Continuous Mining Machine Operators,2,2.615,1.5452196382428942
47-5043.00,"Roof Bolters, Mining",2,2.615,1.5452196382428942
47-5044.00,"Loading and Moving Machine Operators, Underground Mining",2,2.615,1.5452196382428942
47-5051.00,"Rock Splitters, Quarry",1,2.615,1.5452196382428942
47-5071.00,"Roustabouts, Oil and Gas",1,1.75,0.6511627906976742
47-5081.00,Helpers--Extraction Workers,2,2.615,1.5452196382428942
49-1011.00,"First-Line Supervisors of Mechanics, Installers, and Repairers",3,2.27,1.1886304909560723
49-2011.00,"Computer, Automated Teller, and Office Machine Repairers",3,2.615,1.5452196382428942
49-2021.00,"Radio, Cellular, and Tower Equipment Installers and Repairers",3,2.68,1.6124031007751938
49-2022.00,"Telecommunications Equipment Installers and Repairers, Except Line Installers",3,2.615,1.5452196382428942
49-2091.00,Avionics Technicians,3,2.615,1.5452196382428942
49-2092.00,"Electric Motor, Power Tool, and Related Repairers",3,2.615,1.5452196382428942
49-2093.00,"Electrical and Electronics Installers and Repairers, Transportation Equipment",3,2.615,1.5452196382428942
49-2094.00,"Electrical and Electronics Repairers, Commercial and Industrial Equipment",3,2.93,1.8708010335917313
49-2095.00,"Electrical and Electronics Repairers, Powerhouse, Substation, and Relay",3,2.615,1.5452196382428942
49-2096.00,"Electronic Equipment Installers and Repairers, Motor Vehicles",3,2.615,1.5452196382428942
49-2097.00,Audiovisual Equipment Installers and Repairers,3,1.9,0.8062015503875967
49-2098.00,Security and Fire Alarm Systems Installers,3,2.615,1.5452196382428942
49-3011.00,Aircraft Mechanics and Service Technicians,3,4.34,3.328165374677002
49-3021.00,Automotive Body and Related Repairers,2,2.07,0.981912144702842
49-3022.00,Automotive Glass Installers and Repairers,2,2.615,1.5452196382428942
49-3023.00,Automotive Service Technicians and Mechanics,3,2.29,1.2093023255813953
49-3031.00,Bus and Truck Mechanics and Diesel Engine Specialists,3,2.77,1.7054263565891472
49-3041.00,Farm Equipment Mechanics and Service Technicians,3,2.45,1.3746770025839794
49-3042.00,"Mobile Heavy Equipment Mechanics, Except Engines",3,2.615,1.5452196382428942
49-3043.00,Rail Car Repairers,2,2.615,1.5452196382428942
49-3051.00,Motorboat Mechanics and Service Technicians,3,2.615,1.5452196382428942
49-3052.00,Motorcycle Mechanics,3,3.5,2.4599483204134365
49-3053.00,Outdoor Power Equipment and Other Small Engine Mechanics,2,2.615,1.5452196382428942
49-3091.00,Bicycle Repairers,2,2.615,1.5452196382428942
49-3092.00,Recreational Vehicle Service Technicians,2,2.69,1.6227390180878551
49-3093.00,Tire Repairers and Changers,2,2.615,1.5452196382428942
49-9011.00,Mechanical Door Repairers,2,2.615,1.5452196382428942
49-9012.00,"Control and Valve Installers and Repairers, Except Mechanical Door",3,2.615,1.5452196382428942
49-9021.00,"Heating, Air Conditioning, and Refrigeration Mechanics and Installers",3,3.66,2.6253229974160206
49-9031.00,Home Appliance Repairers,2,2.615,1.5452196382428942
49-9041.00,Industrial Machinery Mechanics,3,2.25,1.1679586563307491
49-9043.00,"Maintenance Workers, Machinery",3,2.31,1.2299741602067182
49-9044.00,Millwrights,2,2.73,1.664082687338501
49-9045.00,"Refractory Materials Repairers, Except Brickmasons",2,2.615,1.5452196382428942
49-9051.00,Electrical Power-Line Installers and Repairers,2,2.33,1.2506459948320412
49-9052.00,Telecommunications Line Installers and Repairers,2,2.615,1.5452196382428942
49-9061.00,Camera and Photographic Equipment Repairers,3,2.615,1.5452196382428942
49-9062.00,Medical Equipment Repairers,3,2.13,1.0439276485788112
49-9063.00,Musical Instrument Repairers and Tuners,3,2.59,1.51937984496124
49-9064.00,Watch and Clock Repairers,3,2.615,1.5452196382428942
49-9071.00,"Maintenance and Repair Workers, General",3,1.92,0.8268733850129197
49-9081.00,Wind Turbine Service Technicians,3,2.76,1.6950904392764854
49-9091.00,"Coin, Vending, and Amusement Machine Servicers and Repairers",2,2.615,1.5452196382428942
49-9092.00,Commercial Divers,3,2.615,1.5452196382428942
49-9094.00,Locksmiths and Safe Repairers,2,2.58,1.5090439276485788
49-9095.00,Manufactured Building and Mobile Home Installers,2,2.615,1.5452196382428942
49-9096.00,Riggers,2,2.615,1.5452196382428942
49-9097.00,Signal and Track Switch Repairers,3,1.23,0.11369509043927635
49-9098.00,"Helpers--Installation, Maintenance, and Repair Workers",2,2.6,1.5297157622739017
49-9099.01,Geothermal Technicians,2,2.2,1.1162790697674418
51-1011.00,First-Line Supervisors of Production and Operating Workers,3,2.04,0.9509043927648578
51-2011.00,"Aircraft Structure, Surfaces, Rigging, and Systems Assemblers",2,2.615,1.5452196382428942
51-2021.00,"Coil Winders, Tapers, and Finishers",2,2.615,1.5452196382428942
51-2022.00,Electrical and Electronic Equipment Assemblers,2,2.615,1.5452196382428942
51-2023.00,Electromechanical Equipment Assemblers,2,2.615,1.5452196382428942
51-2031.00,Engine and Other Machine Assemblers,2,2.615,1.5452196382428942
51-2041.00,Structural Metal Fabricators and Fitters,2,1.91,0.8165374677002581
51-2051.00,Fiberglass Laminators and Fabricators,2,1.79,0.6925064599483203
51-2061.00,Timing Device Assemblers and Adjusters,2,2.615,1.5452196382428942
51-2092.00,Team Assemblers,2,1.67,0.5684754521963822
51-3011.00,Bakers,2,2.615,1.5452196382428942
51-3021.00,Butchers and Meat Cutters,2,2.615,1.5452196382428942
51-3022.00,"Meat, Poultry, and Fish Cutters and Trimmers",1,2.615,1.5452196382428942
51-3023.00,Slaughterers and Meat Packers,2,2.615,1.5452196382428942
51-3091.00,"Food and Tobacco Roasting, Baking, and Drying Machine Operators and Tenders",2,2.615,1.5452196382428942
51-3092.00,Food Batchmakers,2,2.51,1.436692506459948
51-3093.00,Food Cooking Machine Operators and Tenders,2,1.56,0.4547803617571059
51-4021.00,"Extruding and Drawing Machine Setters, Operators, and Tenders, Metal and Plastic",2,2.615,1.5452196382428942
51-4022.00,"Forging Machine Setters, Operators, and Tenders, Metal and Plastic",2,2.615,1.5452196382428942
51-4023.00,"Rolling Machine Setters, Operators, and Tenders, Metal and Plastic",2,2.615,1.5452196382428942
51-4031.00,"Cutting, Punching, and Press Machine Setters, Operators, and Tenders, Metal and Plastic",2,2.39,1.3126614987080103
51-4032.00,"Drilling and Boring Machine Tool Setters, Operators, and Tenders, Metal and Plastic",2,2.21,1.1266149870801032
51-4033.00,"Grinding, Lapping, Polishing, and Buffing Machine Tool Setters, Operators, and Tenders, Metal and Plastic",2,2.615,1.5452196382428942
51-4034.00,"Lathe and Turning Machine Tool Setters, Operators, and Tenders, Metal and Plastic",2,2.15,1.0645994832041341
51-4035.00,"Milling and Planing Machine Setters, Operators, and Tenders, Metal and Plastic",2,2.12,1.0335917312661498
51-4041.00,Machinists,3,2.42,1.3436692506459946
51-4051.00,Metal-Refining Furnace Operators and Tenders,2,2.615,1.5452196382428942
51-4052.00,"Pourers and Casters, Metal",2,1.2,0.08268733850129183
51-4061.00,"Model Makers, Metal and Plastic",3,1.87,0.7751937984496123
51-4062.00,"Patternmakers, Metal and Plastic",3,2.615,1.5452196382428942
51-4071.00,Foundry Mold and Coremakers,2,2.21,1.1266149870801032
51-4072.00,"Molding, Coremaking, and Casting Machine Setters, Operators, and Tenders, Metal and Plastic",2,2.615,1.5452196382428942
51-4081.00,"Multiple Machine Tool Setters, Operators, and Tenders, Metal and Plastic",2,1.82,0.7235142118863048
51-4111.00,Tool and Die Makers,3,2.2,1.1162790697674418
51-4121.00,"Welders, Cutters, Solderers, and Brazers",2,2.615,1.5452196382428942
51-4122.00,"Welding, Soldering, and Brazing Machine Setters, Operators, and Tenders",2,2.12,1.0335917312661498
51-4191.00,"Heat Treating Equipment Setters, Operators, and Tenders, Metal and Plastic",2,2.615,1.5452196382428942
51-4192.00,"Layout Workers, Metal and Plastic",2,2.9,1.8397932816537466
51-4193.00,"Plating Machine Setters, Operators, and Tenders, Metal and Plastic",2,2.615,1.5452196382428942
51-4194.00,"Tool Grinders, Filers, and Sharpeners",2,2.615,1.5452196382428942
51-5111.00,Prepress Technicians and Workers,3,2.615,1.5452196382428942
51-5112.00,Printing Press Operators,2,1.72,0.6201550387596898
51-5113.00,Print Binding and Finishing Workers,2,2.615,1.5452196382428942
51-6011.00,Laundry and Dry-Cleaning Workers,1,2.615,1.5452196382428942
51-6021.00,"Pressers, Textile, Garment, and Related Materials",1,2.615,1.5452196382428942
51-6031.00,Sewing Machine Operators,1,2.615,1.5452196382428942
51-6041.00,Shoe and Leather Workers and Repairers,2,1.29,0.1757105943152454
51-6042.00,Shoe Machine Operators and Tenders,2,1.57,0.4651162790697674
51-6051.00,"Sewers, Hand",1,1.39,0.27906976744186024
51-6052.00,"Tailors, Dressmakers, and Custom Sewers",2,1.46,0.3514211886304908
51-6061.00,Textile Bleaching and Dyeing Machine Operators and Tenders,2,2.615,1.5452196382428942
51-6062.00,"Textile Cutting Machine Setters, Operators, and Tenders",2,2.615,1.5452196382428942
51-6063.00,"Textile Knitting and Weaving Machine Setters, Operators, and Tenders",2,2.615,1.5452196382428942
51-6064.00,"Textile Winding, Twisting, and Drawing Out Machine Setters, Operators, and Tenders",2,2.615,1.5452196382428942
51-6091.00,"Extruding and Forming Machine Setters, Operators, and Tenders, Synthetic and Glass Fibers",2,2.34,1.2609819121447026
51-6092.00,Fabric and Apparel Patternmakers,3,2.615,1.5452196382428942
51-6093.00,Upholsterers,2,2.615,1.5452196382428942
51-7011.00,Cabinetmakers and Bench Carpenters,2,2.615,1.5452196382428942
51-7021.00,Furniture Finishers,2,2.615,1.5452196382428942
51-7031.00,"Model Makers, Wood",3,2.615,1.5452196382428942
51-7032.00,"Patternmakers, Wood",3,2.615,1.5452196382428942
51-7041.00,"Sawing Machine Setters, Operators, and Tenders, Wood",2,2.615,1.5452196382428942
51-7042.00,"Woodworking Machine Setters, Operators, and Tenders, Except Sawing",2,2.615,1.5452196382428942
51-8011.00,Nuclear Power Reactor Operators,3,2.615,1.5452196382428942
51-8012.00,Power Distributors and Dispatchers,3,4.18,3.162790697674418
51-8013.00,Power Plant Operators,2,2.22,1.136950904392765
51-8013.03,Biomass Plant Technicians,2,3.03,1.974160206718346
51-8013.04,Hydroelectric Plant Technicians,3,2.7,1.6330749354005167
51-8021.00,Stationary Engineers and Boiler Operators,3,3.41,2.3669250645994833
51-8031.00,Water and Wastewater Treatment Plant and System Operators,2,3.96,2.9354005167958652
51-8091.00,Chemical Plant and System Operators,2,2.615,1.5452196382428942
51-8092.00,Gas Plant Operators,2,1.88,0.7855297157622737
51-8093.00,"Petroleum Pump System Operators, Refinery Operators, and Gaugers",2,1.72,0.6201550387596898
51-8099.01,Biofuels Processing Technicians,2,2.615,1.5452196382428942
51-9011.00,Chemical Equipment Operators and Tenders,2,2.615,1.5452196382428942
51-9012.00,"Separating, Filtering, Clarifying, Precipitating, and Still Machine Setters, Operators, and Tenders",2,2.615,1.5452196382428942
51-9021.00,"Crushing, Grinding, and Polishing Machine Setters, Operators, and Tenders",2,1.93,0.8372093023255812
51-9022.00,"Grinding and Polishing Workers, Hand",2,2.24,1.157622739018088
51-9023.00,"Mixing and Blending Machine Setters, Operators, and Tenders",2,1.6,0.49612403100775193
51-9031.00,"Cutters and Trimmers, Hand",1,2.615,1.5452196382428942
51-9032.00,"Cutting and Slicing Machine Setters, Operators, and Tenders",2,2.615,1.5452196382428942
51-9041.00,"Extruding, Forming, Pressing, and Compacting Machine Setters, Operators, and Tenders",2,2.615,1.5452196382428942
51-9051.00,"Furnace, Kiln, Oven, Drier, and Kettle Operators and Tenders",2,2.615,1.5452196382428942
51-9061.00,"Inspectors, Testers, Sorters, Samplers, and Weighers",2,2.27,1.1886304909560723
51-9071.00,Jewelers and Precious Stone and Metal Workers,3,2.03,0.940568475452196
51-9071.06,Gem and Diamond Workers,3,2.615,1.5452196382428942
51-9081.00,Dental Laboratory Technicians,2,2.41,1.3333333333333333
51-9082.00,Medical Appliance Technicians,3,2.615,1.5452196382428942
51-9083.00,Ophthalmic Laboratory Technicians,2,2.615,1.5452196382428942
51-9111.00,Packaging and Filling Machine Operators and Tenders,2,2.615,1.5452196382428942
51-9123.00,"Painting, Coating, and Decorating Workers",1,2.615,1.5452196382428942
51-9124.00,"Coating, Painting, and Spraying Machine Setters, Operators, and Tenders",2,2.615,1.5452196382428942
51-9141.00,Semiconductor Processing Technicians,2,2.615,1.5452196382428942
51-9151.00,Photographic Process Workers and Processing Machine Operators,2,2.615,1.5452196382428942
51-9161.00,Computer Numerically Controlled Tool Operators,2,2.04,0.9509043927648578
51-9162.00,Computer Numerically Controlled Tool Programmers,2,2.37,1.2919896640826873
51-9191.00,Adhesive Bonding Machine Operators and Tenders,2,2.615,1.5452196382428942
51-9192.00,"Cleaning, Washing, and Metal Pickling Equipment Operators and Tenders",2,2.82,1.7571059431524545
51-9193.00,Cooling and Freezing Equipment Operators and Tenders,2,2.615,1.5452196382428942
51-9194.00,Etchers and Engravers,2,2.615,1.5452196382428942
51-9195.00,"Molders, Shapers, and Casters, Except Metal and Plastic",2,2.615,1.5452196382428942
51-9195.03,"Stone Cutters and Carvers, Manufacturing",2,2.615,1.5452196382428942
51-9195.04,"Glass Blowers, Molders, Benders, and Finishers",2,2.615,1.5452196382428942
51-9195.05,"Potters, Manufacturing",3,1.68,0.5788113695090438
51-9196.00,"Paper Goods Machine Setters, Operators, and Tenders",2,2.615,1.5452196382428942
51-9197.00,Tire Builders,2,2.03,0.940568475452196
51-9198.00,Helpers--Production Workers,2,2.615,1.5452196382428942
53-1041.00,Aircraft Cargo Handling Supervisors,2,2.615,1.5452196382428942
53-1042.00,"First-Line Supervisors of Helpers, Laborers, and Material Movers, Hand",2,2.21,1.1266149870801032
53-1042.01,Recycling Coordinators,2,2.615,1.5452196382428942
53-1043.00,First-Line Supervisors of Material-Moving Machine and Vehicle Operators,3,2.97,1.9121447028423773
53-1044.00,First-Line Supervisors of Passenger Attendants,3,2.615,1.5452196382428942
53-2011.00,"Airline Pilots, Copilots, and Flight Engineers",4,4.76,3.762273901808785
53-2012.00,Commercial Pilots,3,4.84,3.8449612403100772
53-2021.00,Air Traffic Controllers,3,2.615,1.5452196382428942
53-2022.00,Airfield Operations Specialists,3,2.82,1.7571059431524545
53-2031.00,Flight Attendants,2,3.13,2.077519379844961
53-3011.00,"Ambulance Drivers and Attendants, Except Emergency Medical Technicians",2,2.615,1.5452196382428942
53-3031.00,Driver/Sales Workers,2,2.21,1.1266149870801032
53-3032.00,Heavy and Tractor-Trailer Truck Drivers,2,2.47,1.3953488372093024
53-3033.00,Light Truck Drivers,2,2.12,1.0335917312661498
53-3051.00,"Bus Drivers, School",2,3.5,2.4599483204134365
53-3052.00,"Bus Drivers, Transit and Intercity",2,2.84,1.7777777777777775
53-3053.00,Shuttle Drivers and Chauffeurs,2,2.59,1.51937984496124
53-3054.00,Taxi Drivers,2,2.615,1.5452196382428942
53-4011.00,Locomotive Engineers,2,2.615,1.5452196382428942
53-4013.00,"Rail Yard Engineers, Dinkey Operators, and Hostlers",2,3.87,2.842377260981912
53-4022.00,"Railroad Brake, Signal, and Switch Operators and Locomotive Firers",2,2.615,1.5452196382428942
53-4031.00,Railroad Conductors and Yardmasters,2,2.615,1.5452196382428942
53-4041.00,Subway and Streetcar Operators,2,3.11,2.0568475452196378
53-5011.00,Sailors and Marine Oilers,2,2.615,1.5452196382428942
53-5021.00,"Captains, Mates, and Pilots of Water Vessels",3,2.615,1.5452196382428942
53-5022.00,Motorboat Operators,2,3.37,2.3255813953488373
53-5031.00,Ship Engineers,3,3.83,2.801033591731266
53-6011.00,Bridge and Lock Tenders,2,2.35,1.2713178294573644
53-6021.00,Parking Attendants,2,2.615,1.5452196382428942
53-6031.00,Automotive and Watercraft Service Attendants,2,2.615,1.5452196382428942
53-6032.00,Aircraft Service Attendants,2,2.615,1.5452196382428942
53-6041.00,Traffic Technicians,3,2.615,1.5452196382428942
53-6051.00,Transportation Inspectors,4,2.615,1.5452196382428942
53-6051.01,Aviation Inspectors,3,4.61,3.607235142118863
53-6051.07,"Transportation Vehicle, Equipment and Systems Inspectors, Except Aviation",2,2.615,1.5452196382428942
53-6061.00,Passenger Attendants,2,2.615,1.5452196382428942
53-7011.00,Conveyor Operators and Tenders,1,2.615,1.5452196382428942
53-7021.00,Crane and Tower Operators,3,2.615,1.5452196382428942
53-7031.00,Dredge Operators,2,2.615,1.5452196382428942
53-7041.00,Hoist and Winch Operators,2,2.615,1.5452196382428942
53-7051.00,Industrial Truck and Tractor Operators,2,1.69,0.5891472868217053
53-7061.00,Cleaners of Vehicles and Equipment,2,1.98,0.8888888888888887
53-7062.00,"Laborers and Freight, Stock, and Material Movers, Hand",2,1.98,0.8888888888888887
53-7062.04,Recycling and Reclamation Workers,2,2.615,1.5452196382428942
53-7063.00,Machine Feeders and Offbearers,2,2.615,1.5452196382428942
53-7064.00,"Packers and Packagers, Hand",2,1.26,0.1447028423772609
53-7065.00,Stockers and Order Fillers,2,1.98,0.8888888888888887
53-7071.00,Gas Compressor and Gas Pumping Station Operators,2,2.615,1.5452196382428942
53-7072.00,"Pump Operators, Except Wellhead Pumpers",2,1.81,0.7131782945736433
53-7073.00,Wellhead Pumpers,2,2.615,1.5452196382428942
53-7081.00,Refuse and Recyclable Material Collectors,2,3.07,2.015503875968992
53-7121.00,"Tank Car, Truck, and Ship Loaders",2,2.615,1.5452196382428942
