SOC_2018,Census_2010,Census_2018,Title_2018
11-1011,10,10,Chief Executives
11-1021,20,20,General and Operations Managers
11-1031,30,30,Legislators
11-2011,40,40,Advertising and Promotions Managers
11-2021,50,51,Marketing Managers
11-2022,50,52,Sales Managers
11-2030,60,60,Public Relations and Fundraising Managers
11-3012,100,101,Administrative Services Managers
11-3013,100,102,Facilities Managers
11-3021,110,110,Computer and Information Systems Managers
11-3031,120,120,Financial Managers
11-3111,135,135,Compensation and Benefits Managers
11-3121,136,136,Human Resources Managers
11-3131,137,137,Training and Development Managers
11-3051,140,140,Industrial Production Managers
11-3061,150,150,Purchasing Managers
11-3071,160,160,"Transportation, Storage, and Distribution Managers"
11-9013,205,205,"Farmers, Ranchers, and Other Agricultural Managers"
11-9021,220,220,Construction Managers
11-9030,230,230,Education and Childcare Administrators 
11-9041,300,300,Architectural and Engineering Managers
11-9051,310,310,Food Service Managers
11-9171,325,325,Funeral Home Managers
11-9070,330,335,Entertainment and Recreation Managers
11-9081,340,340,Lodging Managers
11-9111,350,350,Medical and Health Services Managers
11-9121,360,360,Natural Sciences Managers
11-9131,400,400,Postmasters and Mail Superintendents
11-9141,410,410,"Property, Real Estate, and Community Association Managers"
11-9151,420,420,Social and Community Service Managers
11-9161,425,425,Emergency Management Directors
11-9179,425,426,"Personal Service Managers, All Other"
11-9199,430,440,"Managers, All Other"
13-1011,500,500,"Agents and Business Managers of Artists, Performers, and Athletes"
13-1021,510,510,"Buyers and Purchasing Agents, Farm Products"
13-1022,520,520,"Wholesale and Retail Buyers, Except Farm Products"
13-1023,530,530,"Purchasing Agents, Except Wholesale, Retail, and Farm Products"
13-1030,540,540,"Claims Adjusters, Appraisers, Examiners, and Investigators"
13-1041,565,565,Compliance Officers
13-1051,600,600,Cost Estimators
13-1070,630,630,Human Resources Workers
13-1081,700,700,Logisticians
13-1082,700,705,Project Management Specialists
13-1111,710,710,Management Analysts
13-1121,725,725,"Meeting, Convention, and Event Planners"
13-1131,726,726,Fundraisers
13-1141,640,640,"Compensation, Benefits, and Job Analysis Specialists"
13-1151,650,650,Training and Development Specialists
13-1161,735,735,Market Research Analysts and Marketing Specialists
13-1199,740,750,"Business Operations Specialists, All Other"
13-2011,800,800,Accountants and Auditors
13-2020,810,810,Property Appraisers and Assessors
13-2031,820,820,Budget Analysts
13-2041,830,830,Credit Analysts
13-2051,840,845,Financial and Investment Analysts
13-2052,850,850,Personal Financial Advisors
13-2053,860,860,Insurance Underwriters
13-2061,900,900,Financial Examiners
13-2070,910,910,Credit Counselors and Loan Officers
13-2081,930,930,"Tax Examiners and Collectors, and Revenue Agents"
13-2082,940,940,Tax Preparers
13-20XX,950,960,Other Financial Specialists
15-1221,1005,1005,Computer and Information Research Scientists
15-1211,1006,1006,Computer Systems Analysts
15-1299,1107,1108,"Computer Occupations, All Other"
15-1251,1010,1010,Computer Programmers
15-1252,1020,1021,Software Developers
15-1253,1020,1022,Software Quality Assurance Analysts and Testers
15-1230,1050,1050,Computer Support Specialists
15-124X,1060,1065,Database Administrators and Architects
15-1244,1105,1105,Network and Computer Systems Administrators
15-1212,1007,1007,Information Security Analysts
15-1254,1030,1031,Web Developers
15-1255,1030,1032,Web and Digital Interface Designers
15-1241,1106,1106,Computer Network Architects
15-2011,1200,1200,Actuaries
15-2021,1210,1210,Mathematicians
15-2031,1220,1220,Operations Research Analysts
15-2041,1230,1230,Statisticians
15-20XX,1240,1240,Other Mathematical Science Occupations
17-1011,1300,1305,"Architects, Except Landscape and Naval"
17-1012,1300,1306,Landscape Architects
17-1020,1310,1310,"Surveyors, Cartographers, and Photogrammetrists"
17-2011,1320,1320,Aerospace Engineers
17-2021,1330,1330,Agricultural Engineers
17-2031,1340,1340,Bioengineers and biomedical engineers
17-2041,1350,1350,Chemical Engineers
17-2051,1360,1360,Civil Engineers
17-2061,1400,1400,Computer Hardware Engineers
17-2070,1410,1410,Electrical and Electronics Engineers
17-2081,1420,1420,Environmental Engineers
17-2110,1430,1430,"Industrial Engineers, including Health and Safety "
17-2121,1440,1440,Marine Engineers and Naval Architects
17-2131,1450,1450,Materials Engineers
17-2141,1460,1460,Mechanical Engineers
17-2151,1500,1500,"Mining and Geological Engineers, Including Mining Safety Engineers"
17-2161,1510,1510,Nuclear Engineers
17-2171,1520,1520,Petroleum Engineers
17-2199,1530,1530,"Engineers, All Other"
17-3011,1540,1541,Architectural and Civil Drafters
17-301X,1540,1545,Other Drafters
17-3023,1550,1551,Electrical and Electronic Engineering Technologists and Technicians
17-302X,1550,1555,"Other Engineering Technologists and Technicians, Except Drafters"
17-3031,1560,1560,Surveying and Mapping Technicians
19-1010,1600,1600,Agricultural and Food Scientists
19-1020,1610,1610,Biological Scientists
19-1030,1640,1640,Conservation Scientists and Foresters
19-1040,1650,1650,Medical Scientists
19-1099,1660,1660,"Life Scientists, All Other"
19-2010,1700,1700,Astronomers and Physicists
19-2021,1710,1710,Atmospheric and Space Scientists
19-2030,1720,1720,Chemists and Materials Scientists
19-2041,1740,1745,"Environmental Scientists and Specialists, Including Health"
19-204X,1740,1750,"Geoscientists and Hydrologists, Except Geographers"
19-2099,1760,1760,"Physical Scientists, All Other"
19-3011,1800,1800,Economists
19-3022,1815,1815,Survey Researchers
19-3033,1820,1821,Clinical and Counseling Psychologists
19-3034,1820,1822,School Psychologists
19-303X,1820,1825,Other Psychologists
19-3041,1830,1830,Sociologists
19-3051,1840,1840,Urban and Regional Planners
19-3090,1860,1860,Miscellaneous Social Scientists and Related Workers
19-4010,1900,1900,Agricultural and Food Science Technicians
19-4021,1910,1910,Biological Technicians
19-4031,1920,1920,Chemical Technicians
19-4040,1930,1935,Environmental Science and Geoscience Technicians
19-4051,1940,1940,Nuclear Technicians
19-4061,1950,1950,Social Science Research Assistants
19-40XX,1965,1970,"Other Life, Physical, and Social Science Technicians"
21-1011,2000,2001,Substance Abuse and Behavioral Disorder Counselors
21-1012,2000,2002,"Educational, Guidance, and Career Counselors and Advisors"
21-1013,2000,2003,Marriage and Family Therapists
21-1014,2000,2004,Mental Health Counselors
21-1015,2000,2005,Rehabilitation Counselors
21-1019,2000,2006,"Counselors, All Other"
21-1021,2010,2011,"Child, Family, and School Social Workers"
21-1022,2010,2012,Healthcare Social Workers
21-1023,2010,2013,Mental Health and Substance Abuse Social Workers
21-1029,2010,2014,"Social Workers, All Other"
21-1092,2015,2015,Probation Officers and Correctional Treatment Specialists
21-1093,2016,2016,Social and Human Service Assistants
21-109X,2025,2025,Other Community and Social Service Specialists
21-2011,2040,2040,Clergy
21-2021,2050,2050,"Directors, Religious Activities and Education"
21-2099,2060,2060,"Religious Workers, All Other"
23-1011,2100,2100,Lawyers
23-1012,2105,2105,Judicial Law Clerks
23-1020,2110,2110,"Judges, Magistrates, and Other Judicial Workers"
23-2011,2145,2145,Paralegals and Legal Assistants
27-3092,2160,2862,Court Reporters and Simultaneous Captioners
23-2093,2160,2170,"Title Examiners, Abstractors, and Searchers"
23-2099,2160,2180,"Legal Support Workers, All Other"
25-1000,2200,2205,Postsecondary Teachers
25-2010,2300,2300,Preschool and Kindergarten Teachers
25-2020,2310,2310,Elementary and Middle School Teachers
25-2030,2320,2320,Secondary School Teachers
25-2050,2330,2330,Special Education Teachers
25-3041,2340,2350,Tutors
25-30XX,2340,2360,Other Teachers and Instructors
25-4010,2400,2400,"Archivists, Curators, and Museum Technicians"
25-4022,2430,2435,Librarians and Media Collections Specialists
25-4031,2440,2440,Library Technicians
25-9040,2540,2545,Teaching Assistants
25-90XX,2550,2555,Other Educational Instruction and Library Workers
27-1010,2600,2600,Artists and Related Workers
27-1021,2630,2631,Commercial and Industrial Designers
27-1022,2630,2632,Fashion Designers
27-1023,2630,2633,Floral Designers
27-1024,2630,2634,Graphic Designers
27-1025,2630,2635,Interior Designers
27-1026,2630,2636,Merchandise Displayers and Window Trimmers
27-102X,2630,2640,Other Designers
27-2011,2700,2700,Actors
27-2012,2710,2710,Producers and Directors
27-2021,2720,2721,Athletes and Sports Competitors
27-2022,2720,2722,Coaches and Scouts
27-2023,2720,2723,"Umpires, Referees, and Other Sports Officials"
27-2030,2740,2740,Dancers and Choreographers
27-2041,2750,2751,Music Directors and Composers
27-2042,2750,2752,Musicians and Singers
27-2091,2750,2755,"Disc jockeys, except radio "
27-2099,2760,2770,"Entertainers and Performers, Sports and Related Workers, All Other"
27-3011,2800,2805,Broadcast Announcers and Radio Disc Jockeys
27-3023,2810,2810,"News Analysts, Reporters, and Journalists"
27-3031,2825,2825,Public Relations Specialists
27-3041,2830,2830,Editors
27-3042,2840,2840,Technical Writers
27-3043,2850,2850,Writers and Authors
27-3091,2860,2861,Interpreters and Translators
27-3099,2860,2865,"Media and Communication Workers, All Other"
27-4010,2900,2905,"Broadcast, Sound, and Lighting Technicians"
27-4021,2910,2910,Photographers
27-4030,2920,2920,"Television, Video, and Film Camera Operators and Editors"
27-4099,2960,2970,"Media and Communication Equipment Workers, All Other"
29-1011,3000,3000,Chiropractors
29-1020,3010,3010,Dentists
29-1031,3030,3030,Dietitians and Nutritionists
29-1041,3040,3040,Optometrists
29-1051,3050,3050,Pharmacists
29-1214,3060,3065,Emergency Medicine Physicians
29-1224,3060,3070,Radiologists
29-12XX,3060,3090,Other Physicians
29-1240,3060,3100,Surgeons
29-1071,3110,3110,Physician Assistants
29-1081,3120,3120,Podiatrists
29-1122,3150,3150,Occupational Therapists
29-1123,3160,3160,Physical Therapists
29-1124,3200,3200,Radiation Therapists
29-1125,3210,3210,Recreational Therapists
29-1126,3220,3220,Respiratory Therapists
29-1127,3230,3230,Speech-Language Pathologists
29-1128,3235,3235,Exercise Physiologists
29-1129,3245,3245,"Therapists, All Other"
29-1131,3250,3250,Veterinarians
29-1141,3255,3255,Registered Nurses
29-1151,3256,3256,Nurse Anesthetists
29-1161,3257,3257,Nurse Midwives
29-1171,3258,3258,Nurse Practitioners
29-1181,3140,3140,Audiologists
29-1291,3260,3261,Acupuncturists
29-1299,3260,3270,"Healthcare Diagnosing or Treating Practitioners, All Other"
29-2010,3300,3300,Clinical Laboratory Technologists and Technicians
29-1292,3310,3310,Dental Hygienists
29-2031,3320,3321,Cardiovascular Technologists and Technicians
29-2032,3320,3322,Diagnostic Medical Sonographers
29-2034,3320,3323,Radiologic Technologists and Technicians
29-2035,3320,3324,Magnetic Resonance Imaging Technologists
29-203X,3320,3330,Nuclear Medicine Technologists and Medical Dosimetrists
29-2042,3400,3401,Emergency Medical Technicians
29-2043,3400,3402,Paramedics
29-2052,3420,3421,Pharmacy Technicians
29-2053,3420,3422,Psychiatric Technicians
29-2055,3420,3423,Surgical Technologists
29-2056,3420,3424,Veterinary Technologists and Technicians
29-205X,3420,3430,Dietetic Technicians and Ophthalmic Medical Technicians
29-2061,3500,3500,Licensed Practical and Licensed Vocational Nurses
29-2072,3510,3515,Medical Records Specialists
29-2081,3520,3520,"Opticians, Dispensing"
29-2090,3535,3545,Miscellaneous Health Technologists and Technicians
29-9000,3540,3550,Other Healthcare Practitioners and Technical Occupations
19-5010,3540,1980,Occupational Health and Safety Specialists and Technicians
31-1121,3600,3601,Home Health Aides
31-1131,3600,3603,Nursing Assistants
31-113X,3600,3605,Orderlies and Psychiatric Aides
31-2010,3610,3610,Occupational Therapy Assistants and Aides
31-2020,3620,3620,Physical Therapist Assistants and Aides
31-9011,3630,3630,Massage Therapists
31-9091,3640,3640,Dental Assistants
31-9092,3645,3645,Medical Assistants
31-9094,3646,3646,Medical Transcriptionists
31-9095,3647,3647,Pharmacy Aides
31-9096,3648,3648,Veterinary Assistants and Laboratory Animal Caretakers
31-9097,3649,3649,Phlebotomists
31-909X,3655,3655,Other Healthcare Support Workers
33-1011,3700,3700,First-Line Supervisors of Correctional Officers
33-1012,3710,3710,First-Line Supervisors of Police and Detectives
33-1021,3720,3720,First-Line Supervisors of Firefighting and Prevention Workers
33-1091,3730,3725,First-Line Supervisors of Security Workers
33-1099,3730,3735,"First-Line Supervisors of Protective Service Workers, All Other"
33-2011,3740,3740,Firefighters
33-2020,3750,3750,Fire Inspectors 
33-3011,3800,3801,Bailiffs
33-3012,3800,3802,Correctional Officers and Jailers
33-3021,3820,3820,Detectives and Criminal Investigators
33-3031,3830,3830,Fish and Game Wardens
33-3041,3840,3840,Parking Enforcement Workers
33-3050,3840,3870,Police Officers
33-9011,3900,3900,Animal Control Workers
33-9021,3910,3910,Private Detectives and Investigators
33-9030,3930,3930,Security Guards and Gambling Surveillance Officers
33-9091,3940,3940,Crossing Guards and Flaggers
33-9093,3945,3945,Transportation Security Screeners
33-9094,3955,3946,School Bus Monitors
33-909X,3955,3960,Other Protective Service Workers
35-1011,4000,4000,Chefs and Head Cooks
35-1012,4010,4010,First-Line Supervisors of Food Preparation and Serving Workers
35-2010,4020,4020,Cooks
35-2021,4030,4030,Food Preparation Workers
35-3011,4040,4040,Bartenders
35-3023,4040,4055,Fast Food and Counter Workers
35-3031,4110,4110,Waiters and Waitresses
35-3041,4120,4120,"Food Servers, Nonrestaurant"
35-9011,4130,4130,Dining Room and Cafeteria Attendants and Bartender Helpers
35-9021,4140,4140,Dishwashers
35-9031,4150,4150,"Hosts and Hostesses, Restaurant, Lounge, and Coffee Shop"
35-9099,4160,4160,"Food Preparation and Serving Related Workers, All Other"
37-1011,4200,4200,First-Line Supervisors of Housekeeping and Janitorial Workers
37-1012,4210,4210,"First-Line Supervisors of Landscaping, Lawn Service, and Groundskeeping Workers"
37-201X,4220,4220,Janitors and Building Cleaners
37-2012,4230,4230,Maids and Housekeeping Cleaners
37-2021,4240,4240,Pest Control Workers
37-3011,4250,4251,Landscaping and Groundskeeping Workers
37-3013,4250,4252,Tree Trimmers and Pruners
37-301X,4250,4255,Other Grounds Maintenance Workers
39-1000,4250,4330,Supervisors of Personal Care and Service Workers
39-2011,4340,4340,Animal Trainers
39-2021,4350,4350,Animal Caretakers
39-3010,4400,4400,Gambling Services Workers
39-3031,4420,4420,"Ushers, Lobby Attendants, and Ticket Takers"
39-30XX,4430,4435,Other Entertainment Attendants and Related Workers
39-40XX,4460,4461,"Embalmers, Crematory Operators and Funeral Attendants"
39-4031,4465,4465,"Morticians, Undertakers, and Funeral Arrangers"
39-5011,4500,4500,Barbers
39-5012,4510,4510,"Hairdressers, Hairstylists, and Cosmetologists"
39-5092,4520,4521,Manicurists and Pedicurists
39-5094,4520,4522,Skincare Specialists
39-509X,4520,4525,Other Personal Appearance Workers
39-6010,4530,4530,"Baggage Porters, Bellhops, and Concierges"
39-7010,4540,4540,Tour and Travel Guides
39-9011,4600,4600,Childcare Workers
31-1122,4610,3602,Personal Care Aides
39-9031,4620,4621,Exercise Trainers and Group Fitness Instructors
39-9032,4620,4622,Recreation Workers
39-9041,4640,4640,Residential Advisors
39-9099,4650,4655,"Personal Care and Service Workers, All Other"
41-1011,4700,4700,First-Line Supervisors of Retail Sales Workers
41-1012,4710,4710,First-Line Supervisors of Non-Retail Sales Workers
41-2010,4720,4720,Cashiers
41-2021,4740,4740,Counter and Rental Clerks
41-2022,4750,4750,Parts Salespersons
41-2031,4760,4760,Retail Salespersons
41-3011,4800,4800,Advertising Sales Agents
41-3021,4810,4810,Insurance Sales Agents
41-3031,4820,4820,"Securities, Commodities, and Financial Services Sales Agents"
41-3041,4830,4830,Travel Agents
41-3091,4840,4840,"Sales representatives of services, except advertising, insurance, financial services, and travel"
41-4010,4850,4850,"Sales Representatives, Wholesale and Manufacturing"
41-9010,4900,4900,"Models, Demonstrators, and Product Promoters"
41-9020,4920,4920,Real Estate Brokers and Sales Agents
41-9031,4930,4930,Sales Engineers
41-9041,4940,4940,Telemarketers
41-9091,4950,4950,"Door-to-Door Sales Workers, News and Street Vendors, and Related Workers"
41-9099,4965,4965,"Sales and Related Workers, All Other"
43-1011,5000,5000,First-Line Supervisors of Office and Administrative Support Workers
43-2011,5010,5010,"Switchboard Operators, Including Answering Service"
43-2021,5020,5020,Telephone Operators
43-2099,5030,5040,"Communications Equipment Operators, All Other"
43-3011,5100,5100,Bill and Account Collectors
43-3021,5110,5110,Billing and Posting Clerks
43-3031,5120,5120,"Bookkeeping, Accounting, and Auditing Clerks"
43-3041,5130,5130,Gambling Cage Workers
43-3051,5140,5140,Payroll and Timekeeping Clerks
43-3061,5150,5150,Procurement Clerks
43-3071,5160,5160,Tellers
43-3099,5165,5165,"Financial Clerks, All Other"
43-4011,5200,5200,Brokerage Clerks
43-4021,5210,5210,Correspondence Clerks
43-4031,5220,5220,"Court, Municipal, and License Clerks"
43-4041,5230,5230,"Credit Authorizers, Checkers, and Clerks"
43-4051,5240,5240,Customer Service Representatives
43-4061,5250,5250,"Eligibility Interviewers, Government Programs"
43-4071,5260,5260,File Clerks
43-4081,5300,5300,"Hotel, Motel, and Resort Desk Clerks"
43-4111,5310,5310,"Interviewers, Except Eligibility and Loan"
43-4121,5320,5320,"Library Assistants, Clerical"
43-4131,5330,5330,Loan Interviewers and Clerks
43-4141,5340,5340,New Accounts Clerks
43-4151,5350,5350,Order Clerks
43-4161,5360,5360,"Human Resources Assistants, Except Payroll and Timekeeping"
43-4171,5400,5400,Receptionists and Information Clerks
43-4181,5410,5410,Reservation and Transportation Ticket Agents and Travel Clerks
43-4199,5420,5420,"Information and Record Clerks, All Other"
43-5011,5500,5500,Cargo and Freight Agents
43-5021,5510,5510,Couriers and Messengers
43-5031,5520,5521,Public Safety Telecommunicators
43-5032,5520,5522,"Dispatchers, Except Police, Fire, and Ambulance"
43-5041,5530,5530,"Meter Readers, Utilities"
43-5051,5540,5540,Postal Service Clerks
43-5052,5550,5550,Postal Service Mail Carriers
43-5053,5560,5560,"Postal Service Mail Sorters, Processors, and Processing Machine Operators"
43-5061,5600,5600,"Production, Planning, and Expediting Clerks"
43-5071,5610,5610,"Shipping, Receiving, and Inventory Clerks"
53-7065,5620,9645,Stockers and Order Fillers
43-5111,5630,5630,"Weighers, Measurers, Checkers, and Samplers, Recordkeeping"
43-6011,5700,5710,Executive Secretaries and Executive Administrative Assistants
43-6012,5700,5720,Legal Secretaries and Administrative Assistants
43-6013,5700,5730,Medical Secretaries and Administrative Assistants
43-6014,5700,5740,"Secretaries and Administrative Assistants, Except Legal, Medical, and Executive"
43-9021,5810,5810,Data Entry Keyers
43-9022,5820,5820,Word Processors and Typists
43-9031,5830,5830,Desktop Publishers
43-9041,5840,5840,Insurance Claims and Policy Processing Clerks
43-9051,5850,5850,"Mail Clerks and Mail Machine Operators, Except Postal Service"
43-9061,5860,5860,"Office Clerks, General"
43-9071,5900,5900,"Office Machine Operators, Except Computer"
43-9081,5910,5910,Proofreaders and Copy Markers
43-9111,5920,5920,Statistical Assistants
43-9199,5940,5940,"Office and Administrative Support Workers, All Other"
45-1011,6005,6005,"First-Line Supervisors of Farming, Fishing, and Forestry Workers"
45-2011,6010,6010,Agricultural Inspectors
45-2021,6020,6020,Animal Breeders
45-2041,6040,6040,"Graders and Sorters, Agricultural Products"
45-2090,6050,6050,Miscellaneous Agricultural Workers
45-3031,6050,6115,Fishing and Hunting Workers
45-4011,6120,6120,Forest and Conservation Workers
45-4020,6130,6130,Logging Workers
47-1011,6200,6200,First-Line Supervisors of Construction Trades and Extraction Workers
47-2011,6210,6210,Boilermakers
47-2020,6220,6220,"Brickmasons, Blockmasons, and Stonemasons"
47-2031,6230,6230,Carpenters
47-2040,6240,6240,"Carpet, Floor, and Tile Installers and Finishers"
47-2050,6250,6250,"Cement Masons, Concrete Finishers, and Terrazzo Workers"
47-2061,6260,6260,Construction Laborers
47-2070,6260,6305,Construction Equipment Operators
47-2080,6330,6330,"Drywall Installers, Ceiling Tile Installers, and Tapers"
47-2111,6355,6355,Electricians
47-2121,6360,6360,Glaziers
47-2130,6400,6400,Insulation Workers
47-2140,6400,6410,Painters and Paperhangers
47-2151,6440,6441,Pipelayers
47-2152,6440,6442,"Plumbers, Pipefitters, and Steamfitters"
47-2161,6460,6460,Plasterers and Stucco Masons
47-2171,6500,6500,Reinforcing Iron and Rebar Workers
47-2181,6515,6515,Roofers
47-2211,6520,6520,Sheet Metal Workers
47-2221,6530,6530,Structural Iron and Steel Workers
47-2231,6540,6540,Solar Photovoltaic Installers
47-3010,6600,6600,"Helpers, Construction Trades"
47-4011,6660,6660,Construction and Building Inspectors
47-4021,6700,6700,Elevator and escalator installers and repairers
47-4031,6710,6710,Fence Erectors
47-4041,6720,6720,Hazardous Materials Removal Workers
47-4051,6730,6730,Highway Maintenance Workers
47-4061,6740,6740,Rail-Track Laying and Maintenance Equipment Operators
47-4071,6750,6750,Septic Tank Servicers and Sewer Pipe Cleaners
47-4090,6765,6765,Miscellaneous Construction and Related Workers
47-5010,6800,6800,"Derrick, Rotary Drill, and Service Unit Operators, Oil and Gas  "
47-5023,6820,6825,"Earth Drillers, Except Oil and Gas"
47-5032,6830,6835,"Explosives Workers, Ordnance Handling Experts, and Blasters"
47-5040,6830,6850,Underground Mining Machine Operators
47-5071,6920,6920,"Roustabouts, Oil and Gas"
47-50XX,6940,6950,Other Extraction Workers
49-1011,7000,7000,"First-Line Supervisors of Mechanics, Installers, and Repairers"
49-2011,7010,7010,"Computer, Automated Teller, and Office Machine Repairers"
49-2020,7020,7020,Radio and Telecommunications Equipment Installers and Repairers
49-2091,7030,7030,Avionics Technicians
49-2092,7040,7040,"Electric Motor, Power Tool, and Related Repairers"
49-2093,7050,7050,"Electrical and Electronics Installers and Repairers, Transportation Equipment"
49-209X,7100,7100,"Electrical and Electronics Repairers, Industrial and Utility "
49-2096,7110,7110,"Electronic Equipment Installers and Repairers, Motor Vehicles"
49-2097,7120,7120,Audiovisual equipment installers and repairers 
49-2098,7130,7130,Security and Fire Alarm Systems Installers
49-3011,7140,7140,Aircraft Mechanics and Service Technicians
49-3021,7150,7150,Automotive Body and Related Repairers
49-3022,7160,7160,Automotive Glass Installers and Repairers
49-3023,7200,7200,Automotive Service Technicians and Mechanics
49-3031,7210,7210,Bus and Truck Mechanics and Diesel Engine Specialists
49-3040,7220,7220,Heavy Vehicle and Mobile Equipment Service Technicians and Mechanics
49-3050,7240,7240,Small Engine Mechanics
49-3090,7260,7260,"Miscellaneous Vehicle and Mobile Equipment Mechanics, Installers, and Repairers"
49-9010,7300,7300,Control and Valve Installers and Repairers
49-9021,7315,7315,"Heating, Air Conditioning, and Refrigeration Mechanics and Installers"
49-9031,7320,7320,Home Appliance Repairers
49-904X,7330,7330,Industrial and Refractory Machinery Mechanics
49-9071,7340,7340,"Maintenance and Repair Workers, General"
49-9043,7350,7350,"Maintenance Workers, Machinery"
49-9044,7360,7360,Millwrights
49-9051,7410,7410,Electrical Power-Line Installers and Repairers
49-9052,7420,7420,Telecommunications Line Installers and Repairers
49-9060,7430,7430,Precision Instrument and Equipment Repairers
49-9081,7440,7440,Wind Turbine Service Technicians
49-9091,7510,7510,"Coin, Vending, and Amusement Machine Servicers and Repairers"
49-9092,7520,7520,Commercial Divers
49-9094,7540,7540,Locksmiths and Safe Repairers
49-9095,7550,7550,Manufactured Building and Mobile Home Installers
49-9096,7560,7560,Riggers
49-9098,7610,7610,"Helpers--Installation, Maintenance, and Repair Workers"
49-909X,7610,7640,"Other Installation, Maintenance, and Repair Workers"
51-1011,7700,7700,First-Line Supervisors of Production and Operating Workers
51-2011,7710,7710,"Aircraft Structure, Surfaces, Rigging, and Systems Assemblers"
51-2020,7720,7720,"Electrical, Electronics, and Electromechanical Assemblers"
51-2031,7730,7730,Engine and Other Machine Assemblers
51-2041,7740,7740,Structural Metal Fabricators and Fitters
51-20XX,7750,7750,Other Assemblers and Fabricators
51-3011,7800,7800,Bakers
51-3020,7810,7810,"Butchers and Other Meat, Poultry, and Fish Processing Workers"
51-3091,7830,7830,"Food and Tobacco Roasting, Baking, and Drying Machine Operators and Tenders"
51-3092,7840,7840,Food Batchmakers
51-3093,7850,7850,Food Cooking Machine Operators and Tenders
51-3099,7855,7855,"Food Processing Workers, All Other"
51-9160,7900,7905,Computer numerically controlled tool operators and programmers
51-4020,7900,7925,"Forming Machine Setters, Operators, and Tenders, Metal and Plastic"
51-4031,7950,7950,"Cutting, Punching, and Press Machine Setters, Operators, and Tenders, Metal and Plastic"
51-4033,8000,8000,"Grinding, Lapping, Polishing, and Buffing Machine Tool Setters, Operators, and Tenders, Metal and Plastic"
51-403X,8000,8025,"Other Machine Tool Setters, Operators, and Tenders, Metal and Plastic"
51-4041,8030,8030,Machinists
51-4050,8040,8040,"Metal Furnace Operators, Tenders, Pourers, and Casters"
51-4060,8060,8060,"Model Makers and Patternmakers, Metal and Plastic"
51-4070,8100,8100,"Molders and Molding Machine Setters, Operators, and Tenders, Metal and Plastic"
51-4111,8130,8130,Tool and Die Makers
51-4120,8140,8140,"Welding, Soldering, and Brazing Workers"
51-4XXX,8140,8225,Other Metal Workers and Plastic Workers
51-5111,8250,8250,Prepress Technicians and Workers
51-5112,8255,8255,Printing Press Operators
51-5113,8256,8256,Print Binding and Finishing Workers
51-6011,8300,8300,Laundry and Dry-Cleaning Workers
51-6021,8310,8310,"Pressers, Textile, Garment, and Related Materials"
51-6031,8320,8320,Sewing Machine Operators
51-6040,8320,8335,Shoe and Leather Workers
51-6050,8350,8350,"Tailors, Dressmakers, and Sewers"
51-6060,8350,8365,"Textile Machine Setters, Operators, and Tenders"
51-6093,8450,8450,Upholsterers
51-609X,8450,8465,"Other Textile, Apparel, and Furnishings Workers"
51-7011,8500,8500,Cabinetmakers and Bench Carpenters
51-7021,8510,8510,Furniture Finishers
51-7041,8530,8530,"Sawing Machine Setters, Operators, and Tenders, Wood"
51-7042,8540,8540,"Woodworking Machine Setters, Operators, and Tenders, Except Sawing"
51-70XX,8540,8555,Other Woodworkers
51-8010,8600,8600,"Power Plant Operators, Distributors, and Dispatchers"
51-8021,8610,8610,Stationary Engineers and Boiler Operators
51-8031,8620,8620,Water and Wastewater Treatment Plant and System Operators
51-8090,8630,8630,Miscellaneous Plant and System Operators
51-9010,8640,8640,"Chemical Processing Machine Setters, Operators, and Tenders"
51-9020,8650,8650,"Crushing, Grinding, Polishing, Mixing, and Blending Workers"
51-9030,8710,8710,Cutting Workers
51-9041,8720,8720,"Extruding, Forming, Pressing, and Compacting Machine Setters, Operators, and Tenders"
51-9051,8730,8730,"Furnace, Kiln, Oven, Drier, and Kettle Operators and Tenders"
51-9061,8740,8740,"Inspectors, Testers, Sorters, Samplers, and Weighers"
51-9071,8750,8750,Jewelers and Precious Stone and Metal Workers
51-9080,8760,8760,Dental and Ophthalmic Laboratory Technicians and Medical Appliance Technicians
51-9111,8800,8800,Packaging and Filling Machine Operators and Tenders
51-9120,8810,8810,Painting Workers
51-9151,8830,8830,Photographic Process Workers and Processing Machine Operators
51-9191,8850,8850,Adhesive Bonding Machine Operators and Tenders
51-9194,8910,8910,Etchers and Engravers
51-9195,8920,8920,"Molders, Shapers, and Casters, Except Metal and Plastic"
51-9196,8930,8930,"Paper Goods Machine Setters, Operators, and Tenders"
51-9197,8940,8940,Tire Builders
51-9198,8950,8950,Helpers--Production Workers
51-919X,8950,8865,Other Production Equipment Operators and Tenders
51-91XX,8900,8990,Other Production Workers
53-1000,9000,9005,Supervisors of Transportation and Material Moving Workers
53-2010,9030,9030,Aircraft Pilots and Flight Engineers
53-2020,9040,9040,Air Traffic Controllers and Airfield Operations Specialists
53-2031,9050,9050,Flight Attendants
53-3011,9110,9110,"Ambulance Drivers and Attendants, Except Emergency Medical Technicians"
53-3051,9120,9121,"Bus Drivers, School"
53-3052,9120,9122,"Bus Drivers, Transit and Intercity"
53-3030,9130,9130,Driver/Sales Workers and Truck Drivers
53-3053,9140,9141,Shuttle Drivers and Chauffeurs
53-3054,9140,9142,Taxi Drivers
53-3099,9150,9150,"Motor Vehicle Operators, All Other"
53-4010,9200,9210,Locomotive Engineers and Operators
53-4031,9240,9240,Railroad Conductors and Yardmasters
53-40XX,9240,9265,Other Rail Transportation Workers
53-5011,9300,9300,Sailors and Marine Oilers
53-5031,9330,9330,Ship Engineers 
53-5020,9310,9310,Ship and Boat Captains and Operators
53-6021,9350,9350,Parking Attendants
53-6030,9360,9365,Transportation Service Attendants
53-6051,9410,9410,Transportation Inspectors
53-6061,9415,9415,Passenger Attendants
53-60XX,9415,9430,Other Transportation Workers
53-7021,9510,9510,Crane and Tower Operators
47-5022,9510,6821,"Excavating and Loading Machine and Dragline Operators, Surface Mining"
53-70XX,9510,9570,"Conveyor, Dredge, and Hoist and Winch Operators"
53-7051,9600,9600,Industrial Truck and Tractor Operators
53-7061,9610,9610,Cleaners of Vehicles and Equipment
53-7062,9620,9620,"Laborers and Freight, Stock, and Material Movers, Hand"
53-7063,9630,9630,Machine Feeders and Offbearers
53-7064,9640,9640,"Packers and Packagers, Hand"
53-7070,9650,9650,Pumping Station Operators
53-7081,9720,9720,Refuse and Recyclable Material Collectors
53-71XX,9720,9760,Other Material Moving Workers
55-1010,9800,9800,Military Officer Special and Tactical Operations Leaders
55-2010,9810,9810,First-Line Enlisted Military Supervisors
55-3010,9820,9825,Military Enlisted Tactical Operations and Air/Weapons Specialists and Crew Members
none,9830,9830,"Military, Rank Not Specified"
none,9920,9920,"Unemployed, with no work experience in the last 5 years or earlier or never worked"
